,test_index,test_seq,pred_prob,test_label
0,0,FNKLKQGSSKRTCAKCFRKIMPSVHELDERRRGANRWAAGFRKCVSSICRY,0.9999552965164185,1
1,1,RLGTALPALLKTLLAGLNG,0.9999336004257202,1
2,2,YEALVTSILGKLTGLWHNDSVDFMGHICYFRRRPKIRRFKLYHEGKFWCPGWAPFEGRCKYCVVF,0.9993823766708374,1
3,3,VFCTCRGFLCGSGERASGSCTINGVRHTLCCRR,0.9999990463256836,1
4,4,ATYYGNGLYCNKEKCWVDWNQAKGEIGKIIVNGWVNHGPWAPRR,0.9995678067207336,1
5,5,SKCKCSRKGPKIRYSDVKKLEMKPKYPHCEEKMVIITTKSVSRYRGQEHCLHPKLQSTKRFIKWYNAWNEKRRVYEE,0.995609700679779,1
6,6,GLWDTIKQAGKKFFLNVLDKIRCKVAGGCRT,0.9999947547912598,1
7,7,TKYYGNGVYCNSKKCWVDWGQASGCIGQTVVGGWLGGAIPGKC,0.9999871253967285,1
8,8,PKRKAEGDAKGDKAKVKDEPQRRSARLSAKPAPPKPEPKPKKAPAKKGEKVPKGKKGKADAGKEGNNPAENGDAKTDQAQKAEGAGDAK,0.9767224192619324,1
9,9,LGAWLAGKVAGTVATYAWNRYV,0.9896467328071594,1
10,10,GFWDSVKEGLKNAAVTILNKIKCKISECPPA,0.999925971031189,1
11,11,DDTPSSRCGSGGWGPCLPIVDLLCIVHVTVGCSGGFGCCRIG,0.9998922348022461,1
12,12,GLLLDTLKGAAKDIAGIALEKLKCKITGCKP,0.9999996423721313,1
13,13,FLPILGKLLSGIL,0.9999990463256836,1
14,14,ATCDLLSPFKVGHAACAAHCIARGKRGGWCDKRAVCNCRK,0.9999951124191284,1
15,15,FLPLVGKILSGLI,0.9999977350234985,1
16,16,GIGGVLLSAGKAALKGLAKVLAEKYAN,0.9999954700469971,1
17,17,GLWSTIKNVGKEAAIAAGKAALGALGEQ,0.9999514818191528,1
18,18,RLNTTFRPLNFKMLRFWGQNRNIMKHRGQKVHFSLILSDCKTNKDCPKLRRANVRCRKSYCVPI,0.9986097812652588,1
19,19,GVGDLIRKAVSVIKNIV,0.9997726082801819,1
20,20,MVALLKSLERRRLMITISTMLQFGLFLIALIGLVIKLIELSNKK,0.03334418684244156,1
21,21,ITIPPIVKDTLKKFIKGAISGVM,0.9994826316833496,1
22,22,MSWLNFLKYIAKYGKKAVSAAWKYKGKVLEWLNVGPTLEWVWQKLKKIAGL,0.9999997615814209,1
23,23,FLKPLFNAALKLLP,0.9999862909317017,1
24,24,KYYGNGVSCNKNGCTVDWSKAIGIIGNNAAANLTTGGAAGWNKG,0.9999791383743286,1
25,25,RWKPFKKELKVGRNIRDGIIKAGPAVAVIGQATSIARPTGK,0.9999401569366455,1
26,26,ALSILRGLEKLAKMGIALTNCKATKKC,0.9999877214431763,1
27,27,FLGGLIKIVPAMICAVTKKC,0.9999984502792358,1
28,28,GPYGANMEDSVCCRDYVRYRLPLRVVKHFYWTSDSCPRPGVVLLTFRDKEICADPRVPWVKMILNKLSQ,0.9954313039779663,1
29,29,KWKLFKKIGAVLKVL,0.9999997615814209,1
30,30,FLPFLKSILGKIL,0.9999985694885254,1
31,31,CSTNTFSLSDYWGNKGNWCTATHECMSWCK,0.9999675750732422,1
32,32,GIGSLLAKAAKLGANLL,0.9999909400939941,1
33,33,SALVGCGTKSYPPKPCFGR,0.9989866614341736,1
34,34,WNPFKKIAHRHCYPKNECITTNGKKTCKDYSCCQIVLFGKKTRSACTVVAQ,0.9999953508377075,1
35,35,GFWKKVGSAAWGGVKAAAKGAAVGGLNALAKHIQ,0.9999997615814209,1
36,36,NGIECEMCKMSVKIVVPMLGEDTESIKKAVDAECKKEFHSIPFGTQECKKFIDTKLDPIIHELENGTAPSDVCTKLGMC,0.9364451169967651,1
37,37,SLFGTFAKMALKGASKLIPHLLPSRQQ,0.9998294115066528,1
38,38,VDKPDYRPRPWPRPN,0.927965521812439,1
39,39,GKLSGISKVLRAIAKFFKGVGKARKQFKEASDLDKNQ,0.9999877214431763,1
40,40,IPRPLDPCIAQNGRCFTGICRYPYFWIGTCRNGKSCCRRR,0.999991774559021,1
41,41,ADTLACRQSHQSCSFVACRAPSVDIGTCRGGKLKCCKWAPSS,0.9998689889907837,1
42,42,RPWAGNGSVHRYTVLSPRLKTQ,0.24318228662014008,1
43,43,MSGRGKGGKGLGKGGAKRHRKVLRDNIQGITKPAIRRLARRGGVKRISGLIYEETRGVLKVFLENVIRDAVTYTEHAKRKTVTAMDVVYALKRQGRTLYGFGG,0.999845027923584,1
44,44,WLGSALKIGAKLLPSVVGLFKKKKQ,0.9999997615814209,1
45,45,RSVCRQIKICRRRGGCYYKCTNRPY,0.999997615814209,1
46,46,EFTNVSCTTSKECWSVCQRLHNTSRGKCMNKKCRCYS,0.999976634979248,1
47,47,FLSHIAGFLSNLF,0.999297022819519,1
48,48,LFKLLGKIIHHVGNFVHGFSHVF,0.999998927116394,1
49,49,YPSKPDNPGEDAPAEDMARYYSALRHYINLITRQRY,0.8853783011436462,1
50,50,SILSTLKDVGISAIKNAGSGVLKTLLCKLNKNCEK,0.9999872446060181,1
51,51,KKCGFFCKLKNKLKSTGSRSNIAAGTHGGTFRV,0.9999728202819824,1
52,52,KKLFKKILKYL,0.999990701675415,1
53,53,VAPIAKYLATALAKWALKQGFAKLKS,0.9999971389770508,1
54,54,VLSIVACSSGCGSGKTAASCVETCGNRCFTNVGSLC,0.9999967813491821,1
55,55,FLSLIPHIVSGVAALAKHL,0.9999896287918091,1
56,56,KVNANAIKKGGKAIGKGFKVISAASTAHDVYEHIKNRRH,0.9985853433609009,1
57,57,LFCKGGSCHFGGCPSHLIKVGSCFGFRSCCKWPWNA,0.9999997615814209,1
58,58,VTCDLLSIKGVAEHSACAANCLSMGKAGGRCENGICLCRKTTFKELWDKRF,0.997329831123352,1
59,59,TESYFVFSVGM,0.0017497437074780464,1
60,60,GMASLLAKVLPHVVKLIK,0.9999897480010986,1
61,61,FLPILAGLAAKLVPKVFCSITKKC,0.9999996423721313,1
62,62,GRFKRFRKKFKKLFKKLSPVIPLLHLG,0.9999978542327881,1
63,63,IKITTMLAKLGKVLAHV,0.999943733215332,1
64,64,RMRRSKSGKGSGGSKGSGSKGSKGSKGSGSKGSGSKGGSRPGGGSSIAGGGSKGKGGTQTA,0.9999959468841553,1
65,65,GLWTTIKEGLKKFSLGVLDKIRCKIAGGC,0.9999995231628418,1
66,66,IKIMDILAKLGKVLAHV,0.9999604225158691,1
67,67,FLPLLASLFSGLF,0.999969482421875,1
68,68,GLFPKINKKKAKTGVFNIIKTVGKEAGMDLIRTGIDTIGCKIKGEC,0.9999909400939941,1
69,69,RRRPRPPYLPRPRPPPFFPPRLPPRIPPGFPPRFPPRFP,1.0,1
70,70,FLPLIGKILGTIL,0.9999988079071045,1
71,71,QGVRNHVTCRIYGGFCVPIRCPGRTRQIGTCFGRPVKCCRRW,0.9999994039535522,1
72,72,GILGKLWEGVKSIF,0.9999732971191406,1
73,73,RPPQFTRAQWFAIQHISLNPPRCTIAMRAINNYRWRCKNQNTFLRTTFANVVNVCGNQSIRCPHNRTLNNCHRSRFRVPLLHCDLINPGAQNISNCTYADRPGRRFYVVACDNRDPRDSPRYPVVPVHLDTTI,0.9990918636322021,1
74,74,VTCDLLSFEAKGFAANHSLCAAHCLAIGRRGGSCERGVCICRR,0.9999457597732544,1
75,75,GFLGILFHGVHHGRKKALHMNSERRS,0.9987167119979858,1
76,76,CVISAGWNHKIRCKLTGNC,0.9984721541404724,1
77,77,GLPWILLRWLFFRG,0.9997355341911316,1
78,78,LRHKVYGYCVLGP,0.45321789383888245,1
79,79,IPCGESCVWIPCITAIAGCSCKNKVCYT,0.9999862909317017,1
80,80,KVHGSLARAGKVRGQTPKVAKQEKKKKKTGRAKRRMQYNRRFVNVVPTFGKKKGPNANS,0.9994807839393616,1
81,81,FLPGVLRLVTKVGPAVVCAITRNC,0.9999688863754272,1
82,82,GLWSTIKQKGKEAAIAAAKAAGQAALGAL,0.9999985694885254,1
83,83,SWKSMAKKLKEYMEKLKQRA,0.9996813535690308,1
84,84,FLPILASLAATLGPKLLCLITKKC,0.9999994039535522,1
85,85,KWKIFKKIEHMGQNIRDGLIKAGPAVQVVGQAATIYKG,0.9999182224273682,1
86,86,SLQGGAPNFPQPSQQNGGWQVSPDLGRDDKGNTRGQIEIQNKGKDHDFNAGWGKVIRGPNKAKPTWHVGGTYRR,0.9799970388412476,1
87,87,GALRGCWTKSYPPKPCK,0.999967098236084,1
88,88,GMASKAGSVLGKVAKVALKAAL,0.9999966621398926,1
89,89,GFFGNTWKKIKGKADKIMLKKAVKIMVKKEGISKEEAQAKVDAMSKKQIRLYLLKYYGKKALQKASEKL,0.9999738931655884,1
90,90,GFMDTAKNVAKNVAVTLLDKLKCKITGGC,0.9999866485595703,1
91,91,GLLDSIKGMAISAGKGALQNLLKVASCKLDKTC,0.9999984502792358,1
92,92,FLPLIAGLIGKLF,0.9999829530715942,1
93,93,GWKKWFNRAKKVGKTVGGLAVDHYL,0.9999847412109375,1
94,94,FTSKKSMLLFFFLGTISLSLCQ,0.999683141708374,1
95,95,QSHLSLCRYCCNCCRNKGCGYCCKF,0.9998636245727539,1
96,96,ECELAKVDGGYTPKNCAMAVGGGMLSGAIRGGMSGTVFGVGTGNLAGAFAGAHIGLVAGGLACIGGYLGSH,0.9996651411056519,1
97,97,GVIKSVLKGVAKTVALGML,0.999995231628418,1
98,98,FCTMIPIPRCY,0.996129035949707,1
99,99,RIRFPWPWRWPWWPPFRG,0.9999719858169556,1
100,100,CLRIGMRGRELMGGIGKTM,0.9913538098335266,1
101,101,KPYCSCKWRCGIGEEEKGICHKFPIVTYVCCRRP,0.9992467164993286,1
102,102,NALSMPRNKCNRALMCFG,0.9848061203956604,1
103,103,GIGTKFLGGVKTALKGALKELAFTYVN,0.9999656677246094,1
104,104,GVFDIIKGAGKQLIAHAMGKIAEKVGLNKDGN,0.9999799728393555,1
105,105,ALKAALLAILKIVRVIKK,0.9999977350234985,1
106,106,QSHISLCRWCCNCCKANKGCGFCCKF,0.9999861717224121,1
107,107,KYYGNGVSCNKKGCSVDWGKAIGIIGNNSAANLATGGAAGWSK,0.999984860420227,1
108,108,AAPRGGKGFFCKLFKDC,0.9998781681060791,1
109,109,DSIRDVSPTFNKIRRWFDGLFK,0.7542915940284729,1
110,110,ILGEIWKGIKDIL,0.999721109867096,1
111,111,KSSAYSLQMGATAIKQVKKLFKKWGW,0.9996115565299988,1
112,112,FFSLIPSLVGGLISAFK,0.9999903440475464,1
113,113,SLLGTVKDLLIGAGKSAAQSVLKGLSGKLSKDC,0.9999978542327881,1
114,114,KSYGNGVHCNKKKCWVDWGSAISTIGNNSAANWATGGAAGWKS,0.9999510049819946,1
115,115,RCVCTRGFCRCVCTRGFC,0.999995231628418,1
116,116,INVLGILGLLGKALSHL,0.9999663829803467,1
117,117,CTFTLPGGGGVCTLTSECIC,0.999976634979248,1
118,118,GPVGLLSSPGSLPPVGGAP,0.44686734676361084,1
119,119,GFGCPLNQGACHRHCRSIRRRGGYCAGFFKQTCCYRN,0.9999974966049194,1
120,120,AKAWGIPPHVIPQIVPVRIRPLCGNV,0.9734902381896973,1
121,121,GAIKDALKGAAKTVAVELLKKAQCKLEKTC,0.9999983310699463,1
122,122,GVFGLLAKAALKGASKLIPHLLPSRQQ,0.9999818801879883,1
123,123,SWFSRTVHNVGNAVRKGIHAGQGVCSGLGL,0.9998526573181152,1
124,124,QKIAEKFSGTRRG,0.16452300548553467,1
125,125,SGISGPLSCGRNGGVCIPIRCPVPMRQIGTCFGRPVKCCRSW,0.9999997615814209,1
126,126,FFPMLAGVAARVVPKVICLITKKC,0.999992847442627,1
127,127,CVVSSGWKWNYKIRCKLTGNC,0.9999921321868896,1
128,128,KSTVGQKLKKKLNQAVDKVKEVLNKSEYMCPVVSSFCKQHCARLGKSGQCDLLECICS,0.9999433755874634,1
129,129,GLPICGETCFKTKCYTKGCSCSYPVCKRN,0.9999992847442627,1
130,130,INMKASAAVAKKLL,0.858108401298523,1
131,131,GGLKKLGKKLEGVGKRVFKASEKALPVLTGYKAIG,0.9999980926513672,1
132,132,SPRVSRRYGRPFGGRPFVGGQFGGRPGCVCIRSPCPCANYG,0.9999961853027344,1
133,133,GVLSAFKNALPGIMKIIV,0.9999674558639526,1
134,134,NLVNFHRMIKLTTGKEAALSYGFYGCHCGVGGRGSPKDATDRCCVTHDCCYKRLEKRGCGTKFLSYKFSNSGSRITCAKQDSCRSQLCECDKAAATCFARNKTTYNKKYQYYSNKHCRGSTPRC,0.9999969005584717,1
135,135,FFPIVAGVAGQVLKKIYCTISKKC,0.9999960660934448,1
136,136,QVVRNPQSCRWNMGVCIPISCPGNMRQIGTCFGPRVPCCRRW,0.999993085861206,1
137,137,FLSFPTTKTYFPHFDLSHGSAQVKGHGAK,0.072578564286232,1
138,138,FFGSVLKLIPKIL,0.9999971389770508,1
139,139,RLKELITTGGQKIGEKIRRIGQRIKDFFKNLQPREEKS,0.9995056390762329,1
140,140,FLGGLMKAFPALICAVTKKC,0.9999988079071045,1
141,141,GWKKWLRKGAKHLGQAAIKGLAS,0.9999991655349731,1
142,142,SCTCRRAWICRWGERHSGKCIDQKGSTYRLCCRR,0.9999785423278809,1
143,143,GILDTLKEFGKTAAKGIAQSLLSTASCKLAKTC,0.9999973773956299,1
144,144,ACNFQSCWATCQAQHSIYFRRAFCDRSQCKCVFVRG,0.9994757771492004,1
145,145,GVLDIFKDAAKQILAHAAEKQI,0.9967111349105835,1
146,146,RKCNFLCKLKEKLRTVITSHIDKVLRPQG,0.9860294461250305,1
147,147,GMSGYIQGIPDFLKGYLHGISAANKHKKGRLGY,0.9995785355567932,1
148,148,ILPIIGKILSTIF,0.999980092048645,1
149,149,GNNRPVYIPQPRPPHPRI,0.9935043454170227,1
150,150,GIWSSIKNLASKAWNSDIGQSLRNKAAGAINKFVADKIGVTPSQAAS,0.9999551773071289,1
151,151,RVPPYLGRDCKHWCRDNNQALYCCGPPGITYPPFIRKHPGKCPSVRSTCTGVRSSRPKFCPHDDACEFRSKCCYDACVKHHVCKTVEFY,0.9999923706054688,1
152,152,GIFLKVLGVGKKVLCGVSGLC,0.9999997615814209,1
153,153,GMASKAGSVLGKITKIALGAL,0.999996542930603,1
154,154,IPCGESCVWIPCISGMFGCSCKDKVCYS,0.9999862909317017,1
155,155,GFKDLLKGAAKALVKTVLF,0.9999967813491821,1
156,156,FLKGCWTKWYSLKPKCPF,0.9999972581863403,1
157,157,HSSGYTRPLPKPSRPIFIRPIGCDVCYGIPSSTARLCCFRYGDCCHR,0.9999158382415771,1
158,158,AAFRGCWTKNYSPKPCL,0.9980661273002625,1
159,159,FITGLISGLMKAL,0.9999631643295288,1
160,160,GPVSAVLTELRCTCLRVTLRVNPKTIGKLQVFPAGPQCSKVEVVASLKNGKQVCLDPEAPFLKKVIQKILDSGNKKN,0.9995856881141663,1
161,161,VTCDLLSFKGQVNDSACAANCLSLGKAGGHCEKVGCICRKTSFKDLWDKRF,0.999816358089447,1
162,162,ATCDLASGFGVGSSLCAAHCIARRYRGGYCNSKAVCVCRN,0.9999916553497314,1
163,163,QVYKGGYTRPIPRPPPFVRPLPGGPIGPYNGCPVSCRGISFSQARSCCSRLGRCCHVGKGYS,0.9999963045120239,1
164,164,RRICRCRIGRCLGLEVYFGVCFLHGRLARRCCR,0.9999936819076538,1
165,165,SMLSVLKNLGKVGLGFVACKINKQC,0.999988317489624,1
166,166,NFLGTLVNLAKKIL,0.999971866607666,1
167,167,SFLDTLKNLAISAAKGAGQSVLSTLSCKLSKTC,0.9999947547912598,1
168,168,QSHLSMCRYCCNCCRNNKGCGFCCKF,0.9999762773513794,1
169,169,GLLDALSGILGL,0.9997871518135071,1
170,170,VVYTLKRNGRTLYGF,0.030158769339323044,1
171,171,FLTGVLKLASKIPSVLCAVLKTC,0.9999990463256836,1
172,172,GDVPPGIRNTICRMQQGICRLFFCHSGTGQQHRQRCG,0.997427761554718,1
173,173,FLPMLAGLAASMVPKLVCLITKKC,0.9999963045120239,1
174,174,FILPLIASFLSKFL,0.9999947547912598,1
175,175,HHLFGKVGREIERSAHKVGHKLEHVRHEVSKTAKKVDKVVGHIKTAKKVVAAAGAIAGVVAAA,0.9999725818634033,1
176,176,GCSRWIIGIHGQICRD,0.9997069239616394,1
177,177,GFGSLLGKALRLGANVL,0.999957799911499,1
178,178,FIGALLGPLLNLLK,0.9999942779541016,1
179,179,GLISGILGVGKKLVCGLSGLC,0.9999998807907104,1
180,180,GFVDLAKKVVGGIRNALGI,0.9999468326568604,1
181,181,QKKCPGRCTLKCGKHERPTLPYNCGKYICCVPVKVK,0.9999669790267944,1
182,182,GLGKAQCAALWLQCASGGTIGCGGGAVACQNYRQFCR,0.9999938011169434,1
183,183,FLPVLGKVIKLVGGLL,0.9999994039535522,1
184,184,AVAGEKLWLLPHLLKMLLTPTP,0.14672237634658813,1
185,185,RLFRHAFKAVLRL,0.9997748732566833,1
186,186,RICRIIFLRVCR,0.9999871253967285,1
187,187,FIITGLVRGLTKLF,0.9995831847190857,1
188,188,GPDSCNHDRGLCRVGNCNPGEYLAKYCFEPVILCCKPLSPTPTKT,0.9970805048942566,1
189,189,MTPFWRGVSLRPIGASCRDDSECITRLCRKRRCSLSVAQE,0.9999518394470215,1
190,190,GVFSFLKTGAKLLGSTLLKMAGKAGAEHLACKATNQC,0.9999984502792358,1
191,191,CYSAAKYPGFQEFINRKYKSSRF,0.81830894947052,1
192,192,AANFGPSVFTPEVHETWQKFLNVVVAALGKQYH,0.6236701011657715,1
193,193,RRWKIVVIRWRR,0.9999334812164307,1
194,194,YSGKDCLKDMGGYALAGAGSGALWGAPAGGVGALPGAFVGAHVGAIAGGFACMGGMIGNKFN,0.999983549118042,1
195,195,VGSRYLCTPGSCWKLVCFTTTVK,0.9999736547470093,1
196,196,AAKIILNPKFRCKAAFC,0.9982298016548157,1
197,197,KPKDMTSSQWFKTQHVQPSPQACNSAMSIINKYTERCKDLNTFLHEPFSSVAITCQTPNIACKNSCKNCHQSHGPMSLTMGELTSGKYPNCRYKEKHLNTPYIVACDPPQQGDPGYPLVPVHLDKVV,0.9916160702705383,1
198,198,KCSWWNASCHLGNNGKICTVSHECAAGCNL,0.9999856948852539,1
199,199,GIFALIKTAAKFVGKNLLKQAGKAGLEHLACKANNQC,0.9999991655349731,1
200,200,KGFKKIEKLGRHIRDGVVKAGPAVGVVGQASSIMG,0.9999651908874512,1
201,201,FLPGLIKAAVGIGSTIFCKISKKC,0.9999996423721313,1
202,202,GLFGKILGVGKKVLCGLSGMC,0.9999997615814209,1
203,203,HHHFGRIGHELHKGVKKVEKVTSDVNKVTNGVKQVANGIAKAKTVIEAGSIAGAVAAAAA,0.9999514818191528,1
204,204,FFRLLFHGVHHVGKIKPRA,0.9999387264251709,1
205,205,GIMDSVKNVAKNIAGQLLDKLKCKITGC,0.9999818801879883,1
206,206,FFPLIPGVRCKILRTC,0.9999926090240479,1
207,207,SLFSIFKTAAKFVGKNLLKQAGKAGLETLACKAKNEC,0.9999986886978149,1
208,208,ASVATELRCQCLQTLQGIHPKNIQSVNVKSPGPHCAQTEVIATLKNGRKACLNPASPIVKKIIEKMLNSDKSN,0.9992610812187195,1
209,209,PPPVIKFNRPFLMWIVERDTRSILFMGKIVNPKAP,0.04354608431458473,1
210,210,DWTCWSCLVCAACSVELLNLVTAATGASTAS,0.9991270899772644,1
211,211,GFGSKPLDSFGLNFF,0.6650252342224121,1
212,212,GLLDGILNANFNAAKSAGTSVLNALSCKLSKTC,0.9999755620956421,1
213,213,VTSWSLCTPGCTSPGGGSNCSFCC,0.9999991655349731,1
214,214,GILDSFKQFAKGVGKDLIKGAAQGVLSTMSCKLAKTC,0.9999985694885254,1
215,215,GLLGTLGNLLNGLGL,0.9998936653137207,1
216,216,ILPIRSLIKKLL,0.9999810457229614,1
217,217,RSGRGECRRQCLRRHEGQPWETQECMRRCRRRG,0.9151055812835693,1
218,218,GLLSFLPKVIGVIGHLIHPPS,0.9999918937683105,1
219,219,KQIMTQFFNFARSPAVKD,0.20062734186649323,1
220,220,GILLDKLKNFAKTAGKGVLQSLLNTASCKLSGQC,0.9999972581863403,1
221,221,TNWKKIGKCYAGTLGSAVLGFGAMGPVGYWAGAGVGYASFC,0.9999803304672241,1
222,222,GFFSLIKGVAKIATKGLAKNLGKMGLDLVGCKISKEC,0.9999998807907104,1
223,223,AVLDILKDVGKGLLSHFMEKV,0.9955574870109558,1
224,224,SAVGRHGRRFGLRKHRKH,0.8111236691474915,1
225,225,PKRKSATKGDEPARRSARLSARPVPKPAAKPKKAAAPKKAVKGKKAAENGDAKAEAKVQAAGDGAGNAK,0.9789279699325562,1
226,226,FIGPVLKIAAGILPTAICKIFKKC,0.9999997615814209,1
227,227,GLFTLIKGAYKNDAPTVACN,0.9870102405548096,1
228,228,GTNDAEDCCLSVTQKPIPGYIVRNFHYLLIKDGCRVPAVVFTTLRGRQLCAPPDQPWVERIIQRLQRTSAKMKRRSS,0.998969554901123,1
229,229,GSVIKCGESCLLGKCYTPGCTCSRPICKKD,0.9999996423721313,1
230,230,SIGSALKKALPVAKKIGKIALPIAKAALP,0.9999997615814209,1
231,231,FFPIVGKLLFGLSGLL,0.9999988079071045,1
232,232,GFSSLFKAGAKYLLKSVGKAGAQQLACKAANNCA,0.999994158744812,1
233,233,IRWRIRVWVRRI,0.9999345541000366,1
234,234,KVPIGAIKKGGKIIKKGLGVIGAAGTAHEVYSHVKNRH,0.9999916553497314,1
235,235,DNGYLLDKYTGCKVWCVINNESCNSECKIRGGYYGYCYFWKLACFCQGARKSELWNYNTNKCNGKL,0.9998798370361328,1
236,236,ALWKNMLKGIGKLAGKAALGAVKKLVGAES,0.9999995231628418,1
237,237,GKGSWSKKIEVIA,0.9986993074417114,1
238,238,FLPVLAGVLSRA,0.9993849992752075,1
239,239,DVKGMKKAIKGILDCVIEKGYDKLAAKLKKVIQQLWE,0.9996480941772461,1
240,240,KLGFENFLVKALKTVMHVPTSPLL,0.8379993438720703,1
241,241,GRPNPVNTKPTPYPRL,0.8752133250236511,1
242,242,CRQSCSFGPLTFVCDGNTK,0.95746910572052,1
243,243,GIHDILKYGKPS,0.9841961860656738,1
244,244,KKLLKWLKKLL,0.9999992847442627,1
245,245,FLPIIASVAAKVFSKIFCAISKKC,0.9999994039535522,1
246,246,KSCCPNTTGRNIYNACRLTGAPRPTCAKLSGCKIISGSTCPSDYPK,0.9999785423278809,1
247,247,GWLKKIGKKIERVGQHTRGLGIAQIAANVAATAR,0.999985933303833,1
248,248,CVHWMTNTARTACIAP,0.14249421656131744,1
249,249,SPKKTKPVKPKKVA,0.6618550419807434,1
250,250,EVASFDKSKLK,0.006097911391407251,1
251,251,ERILDLRKTKKSCKNGEVLGCVSGHGPPGCSENECGMGPRPKACFFDCHYGCWCTGKLYRRKRDRKCVPKHECLL,0.9999582767486572,1
252,252,NILNTIINLAKKIL,0.9990139007568359,1
253,253,FNRGGYNFGKSVRHVVDAIGSVAGILKSIR,0.9997848868370056,1
254,254,KCNTATCATQRLANFLVHSSNNFGAILSSTNVGSNTY,0.7748186588287354,1
255,255,INLKAIAALARNY,0.28525248169898987,1
256,256,QYRHRCCAWGPGRKYCKRWC,0.9992050528526306,1
257,257,MGYGDIMKVDTSGASMKTAGQDRLTYAGVAASNTMAQTDLGRMNNYKAIIQRVGGKKDVDPAIIAGIISRESRAGNVLVNGWGDNGNAWGLMQVDKRYHTPQGGWNSEEHLSQGTDIISFIKQVQGKFPSWTAEQQLKGGIAAYNIGLGGVQTYERMDVGTTGDDYSSDVVARAQWYKSQGGF,0.36775442957878113,1
258,258,FLPAIFRMAAKVVPTIICSITKKC,0.9999878406524658,1
259,259,SQLGDLGSGAGQGGGGGGSIRAAGGAFGKLEAAREEEFFYKKQKEQLERLKNDQIHQAEFHHQQIKEHEEAIQRHKDFLNNLHK,0.21709346771240234,1
260,260,DHYLCVKNEGICLYSSCPSYTKIEGTCYGGKAKCCK,0.9998761415481567,1
261,261,LIQRGRFGRFLGRIRRFRPRINFDIRARGSIRLG,0.999976396560669,1
262,262,DSHAKRHHGYKRKFHEKHHSHRGYRSNYLYDN,0.15267066657543182,1
263,263,GWASKIGQTLGKIAKVGLKELIQPK,0.9999945163726807,1
264,264,HRHQGPIFDTRPSPFNPNQPRPGPIY,0.8805831670761108,1
265,265,GLFRRLRDSIRRGQQKILEKARRIGERIKDIFRG,0.9999845027923584,1
266,266,VGIGTPIFSYGGGAGHVPEYF,0.09542079269886017,1
267,267,LVRGCWTKSYPPKPCFVR,0.9998599290847778,1
268,268,NRLSCHRNKGVCVPSRCPRHMRQIGTCRGPPVKCCRKK,0.9999980926513672,1
269,269,GWGSIFKHGRHAAKHIGHAAVNHYL,0.9999566078186035,1
270,270,KYYGNGVHCGKHSCTVDWGTAIGNIGNNAAANWATGGNAGWNK,0.999915361404419,1
271,271,FLPILGNLLSGLL,0.9999949932098389,1
272,272,AQEPVKGPVSTKPGSCPIILIRCAMLNPPNRCLKDTDCPGIKKCCEGSCGMACFVPQ,0.9999679327011108,1
273,273,DVYKGGGGGRYGGGRYGGGGGYGGGLGGGGLGGGGLGGGKGLGGGGLGGGGLGGGGLGGGGLGGGKGLGGGGLGGGGLGGGGLGGGGLGGGKGLGGGGLGGGGLGGGRGGGYGGGGGYGGGYGGGYGGGKYKG,0.9999886751174927,1
274,274,GRKSDCFRKNGFCAFLKCPYLTLISGKCSRFHLCCKRIW,0.9999983310699463,1
275,275,ILGPILGLVSNALGGLL,0.9999977350234985,1
276,276,GIMSSLMKKLAAHIAK,0.9995915293693542,1
277,277,LFAKINGLKVGPLKIQIV,0.9990339279174805,1
278,278,DGNDGQAELIAIGSLAGTFISPGFGSIAGAYIGDKVHSWATTATVSPSMSPSGIGLSSQFGSGRGTSSASSSAGSGS,0.26399898529052734,1
279,279,QKKPPRPPQWAVGHFM,0.48696911334991455,1
280,280,ACYCRIPACLAGERRYGTCFYMGRVWAFCC,0.999953031539917,1
281,281,HHQELCTKGDDALVTELECIRLRISPETNAAFDNAVQQLNCLNRACAYRKMCATNNLEQAMSVYFTNEQIKEIHDAATACDPEAHHEHDH,0.299732506275177,1
282,282,FIHHIFRGIVHAGRSIGRFLTG,0.9998612403869629,1
283,283,YPCKLNLKLGKVPFHF,0.9820151329040527,1
284,284,SLGVTLGAAGLYTATQTIATQIWKCGAVLTTSAECSRTGNSC,0.7173449397087097,1
285,285,WGWKEVVQNGQTIFSAGQKLGNMVGKIVPLPFG,0.9991483688354492,1
286,286,KPKGMTSSQWFKIQHMQPSPQACNSAMKNINKHTKRCKDLNTFLHEPFSSVAATCQTPKIACKNGDKNCHQSHGAVSLTMCKLTSGKYPNCRYKEKRQNKSYVVACKPPQKKDSQQFHLVPVHLDRVL,0.9998016953468323,1
287,287,KSCCRNTWARNCYNVCRLPGTISREICAKKCDCKIISGTTCPSDYPK,0.9999935626983643,1
288,288,GGLKKLGKKLEGVGKRVFKASEKALPVAVGIKALGK,0.9999991655349731,1
289,289,FFGSVLKVAAKVLPAALCQIFKKC,0.9999990463256836,1
290,290,YDTGIQGWTCGSRGLCRKHCYAQEHTVGYHGCPRRYRCCALRF,0.9998194575309753,1
291,291,RWKVFKKIEKVGRNIRDGVIKAAPAIEVLGQAKAL,0.9999728202819824,1
292,292,VFIDILDKMENAIHKAAQAGIGIAKPIEKMILPK,0.8045123815536499,1
293,293,CANSCSYGPLTWSCDGNTK,0.8072992563247681,1
294,294,MLCKLSMFGAVLGVPACAIDCLPMGKTGGSCEGGVCGCRKLTFKILWDKKFG,0.9999860525131226,1
295,295,GGYYCPFFQDKCHRHCRSFGRKAGYCGGFLKKTCICV,0.9999977350234985,1
296,296,GNAACVIGCIGSCVISEGIGSLVGTAFTLG,0.9997064471244812,1
297,297,GWGSFFKKAAHVGKHVGKAALTHYL,0.9999974966049194,1
298,298,SLGPAIKATRQVCPKATRFVTVSCKKSDCQ,0.9999630451202393,1
299,299,MQFITDLIKKAVDFFKGLFGNK,0.9997439980506897,1
300,300,YPGPQAKEDSEGPSQGPASREK,0.5557427406311035,1
301,301,RCVCRRGVCRCVCRRGVC,0.9999886751174927,1
302,302,FLPVIAGVLSKLF,0.9999901056289673,1
303,303,GLLDTFKNMAINAAHGAGVSVLNALSCKLKKTC,0.9999918937683105,1
304,304,KWKLFKKIEKVGQNIRDGIIKAGPAVAVVGQATQIAK,0.9999923706054688,1
305,305,FLSIIAKVLGSLF,0.9999916553497314,1
306,306,ILPFVAGVAAMEMEHVYCAASKKC,0.4738595187664032,1
307,307,GRRRRSVQWCAVSQPEATKCFQWQRNMRKVRGPPVSCIKRDSPIQCIQA,0.9859427809715271,1
308,308,KRGSGWIATITDDCPNSVFVCC,0.43269532918930054,1
309,309,GTPGFQTPDARVISRFGFN,0.003113075392320752,1
310,310,KDRPKKPGLCPPRPQKPCVKECKNDDSCPGQQKCCNYGCKDECRDPIFVG,0.9999712705612183,1
311,311,DRCSQQCQHHRDPDRKQQCMRECRRHQGRSD,0.9943992495536804,1
312,312,MFAMKTKAALAIWCPGYSETQINATQAMKKRRKRKVTTNKCLEQVSQLQGLWRRFNRPLLKQQ,0.8845720291137695,1
313,313,FIGALLRPALKLLAGK,0.9999727010726929,1
314,314,VPAESEAAHLRVRRGFGCPLNQGACHNHCRSIRRRGGYCSGIIKQTCTCYRN,0.9999359846115112,1
315,315,GDINGEFTTSPACVYSVMVVSKASSAKCAAGASAVSGAILSAIRC,0.9614514112472534,1
316,316,CIAKGNGCQPSGVQGNCCSGHCHKEPGWVAGYCK,0.9999725818634033,1
317,317,FLPVLAGIAAKVVPALFCKITKKC,0.9999994039535522,1
318,318,FLIGMTHGLICLISRKC,0.9999822378158569,1
319,319,ENDHRMPYELNRPNNLSKGGAKCAAGILGAGLGAVGGGPGGFISAGISAVLGCM,0.9993927478790283,1
320,320,STPVLASVAVSMELLPTASVLYSDVAGCFKYSAKHHC,0.14081935584545135,1
321,321,SPAIWGCDSFLGYCRLACFAHEASVGQKECAEGMLCCIPNV,0.916751503944397,1
322,322,SASVLKTSIKVSKKYCKGVTLTCGCNITGGK,0.9999967813491821,1
323,323,SFPFFPPGICKRLKRC,0.9999103546142578,1
324,324,APAGLVAKFGRPIVKKYYKQIMQFIGEGSAINKIIPWIARMWRT,0.9996531009674072,1
325,325,FAEPLPSEEEGESYSKEPPEMEKRYGGFM,0.05961110442876816,1
326,326,VTCELLMFGGVVGDSACAANCLSMGKAGGSCNGGLCDCRKTTFKELWDKRFG,0.9995336532592773,1
327,327,DLRFLYPRGKLPVPTPPPFNPKPIYIDMGNRY,0.9849671721458435,1
328,328,SILSGNFGVGKKIVCGLSGLC,0.9999830722808838,1
329,329,GFGCNGPWDEDDMQCHNHCKSIKGYKGGYCAKGGFVCKCY,0.9989342093467712,1
330,330,FIGPVLKMATSILPTAICKGFKKC,0.9999983310699463,1
331,331,GWLDRIIGTAVDSVAEFGTTNIVDQICNTRVMPTIKKFELYFRGRVWCPGWTTIQGESLTRSRTRVVNKAVEDFARKAVAAGLMTQEDANPLLNA,0.9993652701377869,1
332,332,GKVWDWIKSTAKKLWNSEPVKELKNTALNAAKNLVAEKIGATPS,0.9999783039093018,1
333,333,KFFKRLLKSVRRAVKKFRKKPRLIGLSTLL,0.9999966621398926,1
334,334,GFGCPNNYQCHRHCKSIPGRCGGYCGGWHRLPCTCYRCG,0.999998927116394,1
335,335,VTCDLLSLQIKGIAINDSACAAHCLAMRRKGGSCKQGVCVCRN,0.9999783039093018,1
336,336,RRIRPRPPRLPRPRPRPLPFPRPGPRPIPRPLPFPRPGPRPIPRPLPFPRPGPRPIPRPL,1.0,1
337,337,CVHWQTNTARTSCIGP,0.10319510847330093,1
338,338,KGGSGVIHTISHEVIYNSWNFVFTCCS,0.9962615370750427,1
339,339,SMATPHVAGAAALILSKHPTWTNAQVRDRLESTATYLGNSFYYGK,0.0070658158510923386,1
340,340,GIFGKILGVGKKTLCELSGMC,0.9999986886978149,1
341,341,MKTILRFVAGYDIASHKKKTGGYPWERGKA,0.19295315444469452,1
342,342,QCRRLCYKQRCVTYCRGR,0.9917610883712769,1
343,343,KAAAAKKSPKKPKKPAAAKK,0.9999657869338989,1
344,344,RVCFAIPLPICH,0.9987731575965881,1
345,345,AACSDRAHGHICESFKSFCKDSGRNGVKLRANCKKTCGLC,0.999638557434082,1
346,346,LVAYGIAQGTAEKVVSLINAGLTVGSIISILGGVTVGLSGVFTAVKAAIAKQGIKKAIQL,0.9999874830245972,1
347,347,LLPIVGNLLKSLL,0.9999825954437256,1
348,348,IFGAIWKGISSLL,0.999995231628418,1
349,349,GFFSTVKNLATNVAGTVIDTLKCKVTGGCRS,0.9999890327453613,1
350,350,IDWKKVDWKKVSKKTCKVMLKACKFLG,0.9999986886978149,1
351,351,GLLSNVAGLLKQFAKGGVNAVLNPK,0.9999822378158569,1
352,352,RRLRPRRPRLPRPRPRPRPRPRSLPLPRPKPRPIPRPLPLPRPRPKPIPRPLPLPRPRPRRIPRPLPLPRPRPRPIPRPLPLPQPQPSPIPRPL,1.0,1
353,353,RILTMTKRVKMPQLYKQIVCRLFKTC,0.9998958110809326,1
354,354,FLPAVLRVAAKIVPTVFCAISKKC,0.9999953508377075,1
355,355,SPRPDDKKNQGSASVDVQNERGEGTKVDARVRQELWRSDDGRTRAQAYGHWDRTYGGRNHGERSYGGGMRIEHTWGN,0.6969066858291626,1
356,356,GKNGVFKTISHECHLNTWAFLATCCS,0.99982088804245,1
357,357,NLPIVERPVCKDSTRIRITDNMFCAGYKPDEGKRGDACEGDSGGPFVMKSPFNNRWYQMGIVSWGEGCDRDGKYGFYTHVFRLKKWIQKVIDQFGE,0.8068894147872925,1
358,358,QSWHGGRPGGFPGGGRPGGFPGGGRPGGRPGGFPSVTAPPASCRRWCETPENAFYCCESRYEPEAPVGTKILDCPKVRDTCPPVRFLAVEQPVPCSSDYKCGGLDKCCFDRCLGQHVCKPPSFYEFFA,0.9999805688858032,1
359,359,GIGKHVGKALKGLKGLLKGLGES,0.999998927116394,1
360,360,DWTAWSALVAAACSVELL,0.062154557555913925,1
361,361,VLLFLFQAAPGSADAPFADTAACRSQGNFCRAGACPPTFAASGSCHGGLLNCCAK,0.9985296726226807,1
362,362,GIFPIFAKLLGKVIKVASSLISKGRTE,0.9999953508377075,1
363,363,NRWGDTVLSAASGAGTGIKACKSFGPWGMAICGVGGAAIGGYFGYTHN,0.999983549118042,1
364,364,GSKKPVPIIYCNRRTGKCQRM,0.9998493194580078,1
365,365,GVVTDLLKTAGKLLGNLFGSLSG,0.9999772310256958,1
366,366,FFSASCVPGADKGQFPNLCRLCAGTGENKCA,0.9358638525009155,1
367,367,SKGKKANKDVELARG,0.013091006316244602,1
368,368,SSRASHFQSHSSERQRHGSSQVWKHGSYGPAEYDYGHTGYGPSGGSRKSISNSHLSWSTDSTANKQLSRH,0.6581720113754272,1
369,369,RWKVFKKIEKVGRHIRDGVIKAGPAITVVGQATAL,0.9999797344207764,1
370,370,MAAFMKLIQFLATKGQKYVSLAWKHKGTILKWINAGQSFEWIYKQIKKLWA,0.9999996423721313,1
371,371,FWGAVWKILSKVLPHIPGTVKWLQEKV,0.9999964237213135,1
372,372,GLMSTLKDFGKTAAKEIAQSLLSTASCKLAKTC,0.9999854564666748,1
373,373,KSCCRSTQARNIYNAPRFAGGSRPLCALGSGCKIVDDKKTPPND,0.9664161205291748,1
374,374,ISQSDAILSAIWSGIKSLF,0.10011277347803116,1
375,375,KWCFRVCYRGICYRKCR,0.9999986886978149,1
376,376,RVCYAIPLPICY,0.9985937476158142,1
377,377,GFGCPFNQYECHAHCSGVPGYKGGYCKGLFKQTCNCY,0.9999853372573853,1
378,378,TTLTLHNLCPYPVWWLVTPNNGGFPIIDNTPVVLG,0.012033740058541298,1
379,379,GVLSVIKNALPGIMRF,0.999334990978241,1
380,380,KTCENLANTYRGPCFTTGSCDDHCKNKEHLRSGRCRDDFRCWCTRNC,0.9999929666519165,1
381,381,KLKNFAKGVAQSLLNKASCKLSGQC,0.9999958276748657,1
382,382,FTPSVSFSQNGGVVEAAAQRGYIYKKYPKGAKVPNKVKMLVNIRGKQTMRTCYLMSWTASSRTAKYYYYI,0.9967684745788574,1
383,383,NLLGSLLKTGLKVGSNLL,0.9999868869781494,1
384,384,LTCDLLSFEAKGFAANHSLCAAHCLAIGRKGGACQNGVCVCRR,0.9999727010726929,1
385,385,HSHACTSYWCGKFCGTASCTHYLCRVLHPGKMCACVHCSR,0.9999954700469971,1
386,386,FLSAITSILGKFF,0.9999419450759888,1
387,387,GIMDTVKGVAKTVAASLLDKLKCKITGC,0.999996542930603,1
388,388,GLLLDTVKGAAKNVAGILLNKLKCKMTGDC,0.9999982118606567,1
389,389,KYYGNGVHCGKKTCYVDWGQATASIGKIIVNGWTQHGPWAHR,0.9996185302734375,1
390,390,LDVKKIICVACKIKPNPACKKICPK,0.9999936819076538,1
391,391,GVLDTLKNVAIGVAKGAGTGVLKALLCQLDKSC,0.999997615814209,1
392,392,IFGAIAGLLKNIF,0.9999769926071167,1
393,393,KSMQVPFSRCCFSFAEQEIPLRAILCYRNTSSICSNEGLIFKLKRGKEACALDTVGWVQRHRKMLRHCPSKRK,0.9995527863502502,1
394,394,SLQPGAPKLPYAWSRKQEGWKFDPSLTRGEDGNTLGSINIHHTGRNHEVGANWNKVIRGPGKAKPTYSIHGSWRW,0.9980409741401672,1
395,395,FFSALLSGIKSLF,0.999950647354126,1
396,396,FCKSLPLPLSVK,0.9955583810806274,1
397,397,GWFKKTFHKVSHAVKSGIHAGQRGCSALGF,0.9999961853027344,1
398,398,GFLGPLLKLGLKGVAKVLPHLIPSRQQ,0.9999953508377075,1
399,399,ILGPVLSLVGSALGGLIKKI,0.9999995231628418,1
400,400,FRFGSFLKKVWKSKLAKKLRSKGKQLLKDYANKVLNGPEEEAAAPAE,0.9999194145202637,1
401,401,INWKKIASIGKEVLKAL,0.9999427795410156,1
402,402,FVPYNPPRPYQSKPFPSFPGHGPFNPKIQWPYPLPNPGH,0.9998669624328613,1
403,403,IIGPVLGLVGKPLESLLE,0.9997976422309875,1
404,404,GKIPVKAIKKAGAAIGKGLRAINIASTAHDVYSFFKPKHKKK,0.9999899864196777,1
405,405,GICACRRRFCPNSERFSGYCRVNGARYVRCCSRR,0.9999853372573853,1
406,406,DAECEICKFVIQQVEAFIESNHSQAEIQKELNKLCSSVPSITQTCLSIARMVPYIIKKLEEHNSPGQVCQGLHLCKSS,0.9944420456886292,1
407,407,GFMKYIGPLIPHAVKAISDLI,0.9996311664581299,1
408,408,GGWLDIVKAIVVPAARETIKTQEITLLDHYCTLSRSPYIKSLELHYRAEVTCPGWTIIRGRGSNHRNPTNSGKDALKDFMTQAVAAGLVTKEEAAPWLN,0.9975693821907043,1
409,409,ALFSILRGLKKLGNMGQAFVNCKIYKKC,0.9999918937683105,1
410,410,FLPKMSTKLRVPYRRGTKDYH,0.7005550265312195,1
411,411,ILPLVGNLLNDLL,0.9984049201011658,1
412,412,GLKDWVKIAGGWLKKKGPGILKAAMAAATQ,0.9999997615814209,1
413,413,MDVFMKGLSKAKEGVVAAAEKTKQGVAEAAGKTKEGVLYVGSKTKEGVVHGVATVAEKTKEQVTNVGGAVVTGVTAVAQKTVEGAGSIAAATGFVKKDQLGKNEEGAPQEGILEDMPVDPDNEAYEMPSEEGYQDYEPEA,0.9999359846115112,1
414,414,RGGRLCYCRRRFCVCVGR,0.9999901056289673,1
415,415,GLFSKFVGKGIKNFLIKGVKHIGKEVGMDVIRVGIDVAGCKIKGVC,0.9999992847442627,1
416,416,VAKCTEESGGKYFVFCCYKPTRICYMNEQKCESTCIGK,0.7606979012489319,1
417,417,GWFKKAWRKVKNAGRRVLKGVGIHYGVGLI,0.999997615814209,1
418,418,GVVDILKGAGKDLLAHALSKLSEKV,0.9999792575836182,1
419,419,FKCRRWQWRMKKLGAPSITCVRRAF,0.9999929666519165,1
420,420,LRLKSIVSYAKKVL,0.9998968839645386,1
421,421,RIKRFWPVVIRTVVAGYNLYRAIKKK,0.9982365369796753,1
422,422,WGHKLRSSWNKVKHAVKKGAGYASGACRVLGH,0.999994158744812,1
423,423,FLPFLAGLFGKIF,0.9999723434448242,1
424,424,FVDLKKIANIINSIF,0.03286236897110939,1
425,425,GVFTLIKGATQLIGKTLGKELGKTGLELMACKITNQC,0.9999967813491821,1
426,426,SLGGVISGAKKVAKVAIPIGKAVLPVVAKLVG,0.9999994039535522,1
427,427,RYHMQCGYRGTFCTPGKCPYGNAYLGLCRPKYSCCRWL,0.9999969005584717,1
428,428,GLLDAIKDTAQNLFANVLDKIKCKFTKC,0.9999709129333496,1
429,429,FLPGLIKAAVGVGSTILCKITKKC,0.9999996423721313,1
430,430,RWKIFKKIERVGQNVRDGIIKAGPAIQVLGTAKAL,0.9999723434448242,1
431,431,GLVTSLIKGAGKLLGGLFGSVTGGQS,0.9999966621398926,1
432,432,TRGSDISKTCCFQYSHKPLPWTWVRSYEFTSNSCSQRAVIFTTKRGKKVCTHPRKKWVQKYISLLKTPKQL,0.9999778270721436,1
433,433,QGVRNHVTCRINRGFCVPIRCPGRTRQIGTCFGPRIKCCRSW,0.9999994039535522,1
434,434,TLISWIKNKRKQRPRVSRRRRRRGGRRRR,0.9997439980506897,1
435,435,GLFDVVKGVLKGVGKNVAGSLLEQLKCKLSGGC,0.9999988079071045,1
436,436,MVFAYAPTCARCKSIGARYCGYGYLNRKGVSCDGQTTINSCEDCKRKFGRCSDGFITECFL,0.933948814868927,1
437,437,FFPLLFGALSSHLPKLF,0.9999034404754639,1
438,438,GFGSLLGKALKIGTNLL,0.9999949932098389,1
439,439,AATKPKKAGAEAAPKKPAKKQTKKKPAKKAGGKKKPKRAGAKKAKK,0.9999665021896362,1
440,440,DHYICAKKGGTCNFSPCPLFNRIEGTCYSGKAKCCIR,0.999953031539917,1
441,441,GLMSVTKGVLKTAGKHIFKNVGGSLLDQAKCKISGQC,0.9999974966049194,1
442,442,LIAGLAANFLPQILCKIARKC,0.9999815225601196,1
443,443,GNRPVYIPPPRPPHPRL,0.9997753500938416,1
444,444,KTKQQFLIKAQTQLFKVFGYTL,0.9601646661758423,1
445,445,GKWMSLLKHILK,0.9999934434890747,1
446,446,WLNALLHHGLNCAKGVLA,0.9999029636383057,1
447,447,SLLSLIRKLIT,0.9997177720069885,1
448,448,SIITMTKEAKLPQLWKQIACRLYNTC,0.6162847280502319,1
449,449,GFLDVVKHIGKAALGAVTHLINQ,0.9999876022338867,1
450,450,DHYNCVSSGGQCLYSACPIFTKIQGTCYRGKAKCCK,0.999984860420227,1
451,451,AWLDKLKSLGKVVGKVALGVAQNYLNPQQ,0.9992967844009399,1
452,452,CRLGRGKCRRTCIESEKIAGWCKLNFFCCRERI,0.9999903440475464,1
453,453,ACYCRIGACVSGERLTGACGLNGRIYRLCCR,0.9998164772987366,1
454,454,GIGTKILGGVKTALKGALKELASTYAN,0.9999749660491943,1
455,455,FFRHLFRGAKAIFRGARQGWRAHKVVSRYRNRDVPETDNNQEEP,0.998842179775238,1
456,456,INWKKIKSIIKAAMN,0.9998514652252197,1
457,457,GKIPVKAIKQAGKVIGKGLRAINIAGTTHDVVSFFRPKKKKH,0.999988317489624,1
458,458,ESVFSKIGNAVGPAAYWILKGLGNMSDVNQADRINRKKH,0.9807358980178833,1
459,459,FFPVIGRILNGIL,0.9999467134475708,1
460,460,GLFDIIKKIAESI,0.9995191097259521,1
461,461,SRWPSPGRPRPFPGRPKPIFRPRPCNCYAPPCPCDRW,1.0,1
462,462,RKGWFKAMKSIAKFIAKEKLKEHL,0.9999948740005493,1
463,463,IIGAIAAALPHVINAIKNTF,0.9998475313186646,1
464,464,ATTAMSRPGQIMTTRDMNIECRGNGWVGRGARDCCSGRCRVLKSKRCKCIGNKPSF,0.9999473094940186,1
465,465,WPKRLTKAHWFEIQHIQPSPLQCNRAMSGINNYTQHCKHQNTFLHDSFQNVAAVCDLLSIVCKNRRHNCHQSSKPVNMTDCRLTSGKYPQCRYSAAAQYKFFIVACDPPQKSDPPYKLVPVHLDSIL,0.9994214773178101,1
466,466,IVPFLLGMVPKLVCLITKKC,0.9999988079071045,1
467,467,GCASRCKAKCAGRRCKGWASASFRGRCYCKCFRC,0.9999995231628418,1
468,468,RARAPHKAWYNCMTDAGISGAIAGAVAGCAATIEIGCVEGAIAGIGPSGIASMIAALWTCRSKY,0.9918115139007568,1
469,469,GNGVVLTLTHECNLATWTKKLKCC,0.9868440628051758,1
470,470,QRFIHPTYRPPPQPRRPVIMRA,0.9989443421363831,1
471,471,VTCNIGEWVCVAHCNSKSKKSGYCSRGVCYCTN,0.9999958276748657,1
472,472,QWGRRCCGWGPGRRYCRRWC,0.9999958276748657,1
473,473,PAAAAQAVAGLAPVAAEQ,0.001783418352715671,1
474,474,EVERKHPLGGSRPGRCPTVPPGTFGHCACLCTGDASEPKGQKCCSN,0.9972467422485352,1
475,475,RLCRIVVIRVCR,0.999943733215332,1
476,476,GLLGAMFKVASKVLPHVVPAITEHF,0.9998480081558228,1
477,477,GSGVIPTISHECHMNSFQFVFTCCS,0.9809000492095947,1
478,478,GFSSIFRGVAKFASKGLGKDLARLGVNLVACKISKQC,0.9999980926513672,1
479,479,GLFSVLGSVAKHLLPHVVPVIAEKL,0.9999809265136719,1
480,480,GLWQFIKDKLKDAATGLVTGIQS,0.9999644756317139,1
481,481,ILGAIIPLVSGLLSHL,0.9999934434890747,1
482,482,GFGMALKLLKKVL,0.9999942779541016,1
483,483,AYPGNGVHCGKYSCTVDKQTAIGNIGNNAA,0.977799654006958,1
484,484,EADEPLWLYKGDNIERAPTTADHPILPSIIDDVKLDPNRRYA,5.9909689298365265e-05,1
485,485,GLFLDTLKGLAGKLLQGLKCIKAGCKP,0.9999997615814209,1
486,486,GFWTTAAEGLKKFAKAGLASILNPK,0.9998235106468201,1
487,487,GIGASILSAGKSALKGLAKGLAEHFAN,0.9999929666519165,1
488,488,FLPIVTNLLSGLL,0.999810516834259,1
489,489,SSSGWLCTLTIECGTIICACR,0.9999653100967407,1
490,490,DKGRRRSKFVLHRRQCAN,0.9554567933082581,1
491,491,GKIPIGAIKKAGKAIGKGLRAVNIASTAHDVYTFFKPKKRH,0.9999871253967285,1
492,492,VGRFRRLRKKTRKRLKKIGKVLKWIPPIVGSIPLGCG,0.9999992847442627,1
493,493,SLQPGAPNVNNKDQPWQVSPHISRDDSGNTRTDINVQRHGENNDFEAGWSKVVRGPNKAKPTWHIGGTHRW,0.7806183695793152,1
494,494,RIIDLLWRVRRPQKPKFVTVWVR,0.9987714886665344,1
495,495,GLLNGLALRLGKRALKKIIKRLCR,0.9999971389770508,1
496,496,AIGSILGALAKGLPTLISWIKNR,0.9999932050704956,1
497,497,GILSNVLGMGKKIVCGLSGLC,0.9999988079071045,1
498,498,SMWSGMWRRKLKKLRNALKKKLKGE,0.9999831914901733,1
499,499,FMPILSCSRFKRC,0.9999819993972778,1
500,500,TNYGNGVGVPDAIMAGIIKLIFIFNIRQGYNFGKKAT,0.045632053166627884,1
501,501,GKIPVKAIKKGGQIIGKALRGINIASTAHDIISQFKPKKKKNH,0.9999939203262329,1
502,502,LFCKRGTCHFGRCPSHLIKVGSCFGFRSCCKWPWDA,0.9999995231628418,1
503,503,EGGGPQWAVGHFM,0.019516699016094208,1
504,504,RRCICTTRTCRFPYRRLGTCIFQNRVYTFCC,0.9999995231628418,1
505,505,TTPLCVGVIIGITASIKICK,0.9955877065658569,1
506,506,VTSKSLCTPGCITGVLMCLTQNSCVSCNSCIRC,0.9999980926513672,1
507,507,ACIKNGGRCVASGGPPYCCSNYCLQIAGQSYGVCKKH,0.9999758005142212,1
508,508,ILGPVIKTIGGVIGGLLKNL,0.9999991655349731,1
509,509,QDNSRYTHFLTQHYDAKPQGRDDRYCESIMRRRGPTSPCKDINTFIHGNKRSIKAICENKNGNPHRENLRISKSSFQVTTCKLHGGSPWPPCQYRATAGFRNVVVACENGLPVHLDQSIFRRPRP,0.9983412027359009,1
510,510,CVWGGDCTDFLGCGTAWICV,0.9998410940170288,1
511,511,FLPAVLRVAAKVGPAVFCAITQKC,0.9999667406082153,1
512,512,FSTKTRNWFSEHFKKVKEKLKDTFA,0.9787710309028625,1
513,513,FLPIVGRLISGLL,0.9999922513961792,1
514,514,GIMDTIKDTAKTVAVGLLNKLKCKITGC,0.9999847412109375,1
515,515,GMWSKIKNAGKAAKAAAKAAGKAALGAVSEAM,0.9999996423721313,1
516,516,GFGALFKFLAKKVAKTVAKQAAKQGAKYVVNKQME,0.9999983310699463,1
517,517,GFGSLFKFLAKKVAKTVAKQAAKQGAKYIANKQTE,0.9999980926513672,1
518,518,GIIDIAKKLVGGIRNVLGI,0.9999814033508301,1
519,519,KRGLWESLKRKATKLGDDIRNTLRNFKIKFPVPRQG,0.9970608353614807,1
520,520,KGGSGVIHTISHECNMNSWQFVFTCCS,0.9994816184043884,1
521,521,GLFTLIKGAAKLIGKTTAKEAGKTGKLEMACKITNQC,0.9999990463256836,1
522,522,QGVFEDCCLAYHYPIGWAVLRRAWTYRIQEVSGSCNLPAAIFYLPKRHRKVCGNPKSREVQRAMKLLDARNKVFAKLHHNTQTFQAGPHAVKKLSSGNSKLSSSKFSNPISSSKRNVSLLISANSGL,0.9991720914840698,1
523,523,KRKKHRCRVYNNGMPTGMYRWC,0.9738330841064453,1
524,524,DKLIGSCVWGATNYTSDCNAECKRRGYKGGHCGSFWNVNCWCEE,0.9999520778656006,1
525,525,PGGPGSAPPATCRYWCRTPQGQAYCCEGVDEPEGPVGVKIGSCPRVRPQCPPVRTFGPPSPCSNDFKCFGSDKCCYDICLEQHVCKPLSFFG,0.9999971389770508,1
526,526,QIINNPITCMTNGAICWGPCPTAFRQIGNCGHFKVRCCKIR,0.9999194145202637,1
527,527,FFSLLPSLIGGLVSAIK,0.9999927282333374,1
528,528,GFWSSALEGLKKFAKGGLEALTNPK,0.9980719089508057,1
529,529,FLPIIAGVAAKVLPKLFCAITKKC,0.9999996423721313,1
530,530,EYHLMNGANGYLTRVNGKTVYRVTKDPVSAVFGVISNCWGSAGAGFGPQH,0.9917144179344177,1
531,531,GLASTIGSLLGKFAKGGAQAFLQPK,0.9999884366989136,1
532,532,GYGGHGGHGGHGGHGGHGGHGHGGGGHG,0.9918437600135803,1
533,533,GKCNVLCQLKQKLRSIGSGSHIGSVVLPRG,0.9999349117279053,1
534,534,RRRRRRPPCEDVNGQCQPRGNPCLRLRGACPRGSRCCMPTVAAH,0.9999614953994751,1
535,535,VHISHREARGPSFRICVGFLGPRWARGCSTGN,0.6692414879798889,1
536,536,GNGVIKTVSHECKMNTWQFLFTCCS,0.9998748302459717,1
537,537,GTFIKQQRKQKQQRHHTSGTRKRMAK,0.9035966396331787,1
538,538,DSHEERHHGRHGHHKYGRKFHEKHHSHRGYRSNYLYDN,0.2878451943397522,1
539,539,FMGGLIKAATKIVPAAYCAITKKC,0.9999980926513672,1
540,540,VSFPWSCAALSGVCRQGACLPSELYFGPLGCGKGSLCCVSYFL,0.9999963045120239,1
541,541,GKGRWLERIGKAGGIIIGGALDHL,0.999955415725708,1
542,542,YETLIASVLGKLTGLWHNNSVDFMGHTCHFRRRPKVRKFKLYHEGKFWCPGWAPFEGRSRTKSRSGSSREAIKDFVRKALQNGLITQQDATVWVN,0.9992098808288574,1
543,543,ILGIITSLLKSLGKK,0.9999990463256836,1
544,544,GFKGAFKNVMFGIAKSAGKSALNALACKIDKSC,0.9999995231628418,1
545,545,CKQSCSFGPFTFVCDGNTK,0.9891948699951172,1
546,546,FLPAIIGMAAKVLPAFLCKITKKC,0.9999994039535522,1
547,547,ANKCIIDCMKVKTTCGDECKGAGFKTGGCALPPDIMKCCHNC,0.99998939037323,1
548,548,QNERYEKFLRQHYDAKPNGRDDRYCESMMKERKLTSPCKDVNTFIHGTKKNIRAICGKKGSPYGENFRISNSPFQITTCTHSGASPRPPCGYRAFKDFRYIVIACEDGWPVHFDESFISP,0.9930844306945801,1
549,549,KRKCPKTPFDNTPGAWFAHLILGC,0.39453908801078796,1
550,550,LVPLFLSKLICFITKKC,0.9999994039535522,1
551,551,GFGCPGDAYQCSEHCRALGGGRTGGYCAGPWYLGHPTCTCSF,0.9999703168869019,1
552,552,AGFRKRFNKLVKKVKHTIKETANVSKDVAIVAGSGVAVGAAMG,0.9999821186065674,1
553,553,FLPGLIAGIAKML,0.9999687671661377,1
554,554,GILMDTFKGAAKNVAGFLLDKLKCKISGGC,0.9999873638153076,1
555,555,LVNQLGISKSLANTILGAIAVGNLASWVLALVPGPGWATKAALATAETIVKHEGKAAAIAW,0.9998062252998352,1
556,556,VIDDLKKVAKKVRRELLCKKHHKKLN,0.9999576807022095,1
557,557,GSEIRGPCIDRFCRVICRNNGYESGHCNRWARGCSCASWIGR,0.9996323585510254,1
558,558,FISQIISTAHI,0.007022906560450792,1
559,559,GIRNTVCFMQRGHCRLFMCRSGERKGDICSDPWNRCCVSSSIKNR,0.9999877214431763,1
560,560,GVLGTVKNLLIGAGKSAAQSVLKTLSCKLSNDC,0.9999964237213135,1
561,561,FIHHIIGGLFSVGKHIHSLIHGH,0.999967098236084,1
562,562,FFGHLFKLATKIIPSLFQ,0.9999842643737793,1
563,563,GLLASLGKVFGGYLAEKLKPK,0.9974817633628845,1
564,564,LKIPGFVKDTLKKVAKGIFSAVAGAMTPS,0.999974250793457,1
565,565,GLLSGTSVRGSI,0.688779354095459,1
566,566,GILKKFMLHRGTKVYKMRTLSKRSH,0.9918546676635742,1
567,567,TPVVRKGRCSCISTNQGTIHLQSLKDLKQFAPSPSCEKIEIIATLKNGVQTCLNPDSADVKELIKKWEKQVSQKKKQKNGKKHQKKKVLKVRKSQRSRQKKTT,0.9973701238632202,1
568,568,IPPFIKKVLTTVF,0.9997395873069763,1
569,569,VPLSRTVRCTCISISNQPVNPRSLEKLEIIPASQFCPRVEIIATMKKKGEKRCLNPESKAIKNLLKAVSKERSKRSP,0.9992107152938843,1
570,570,GIGGKILGGLRTALKGAAKELAATYLH,0.9999889135360718,1
571,571,GWKSVFRKAKKVGKTVGGLALDHYL,0.9999837875366211,1
572,572,ITPATPFTPAIITEITAAVIA,9.227468399330974e-05,1
573,573,GFGCPFDQGACHRHCQSIGRRGGYCAGFIKQTCTCYHN,0.9999872446060181,1
574,574,LTCNIDRSFCLAHCLLRGYKRGFCTVKKICVCRH,0.9999947547912598,1
575,575,KINNPVSCLRKGGRCWNRCIGNTRQIGSCGVPFLKCCKRK,0.9999984502792358,1
576,576,MRILYLLFSVLFLVLQVSPGLSLPQRDMFLCRIGSCHFGRCPIHLVRVGSCFGFRSCCKSPWDV,0.9999884366989136,1
577,577,HAEHKVKIGVEQKYGQFPQGTEVTYTCSGNYFLM,0.022589800879359245,1
578,578,GIFTKINKKKAKTGVFNIIKTIGKEAGMDVIRAGIDTISCKIKGEC,0.99998939037323,1
579,579,TDHQMAQSACIGVSQDNAYASAIPRDCHGGKTCEGICADATATMDRYSDTGGPLSIARCVNAFHFYKRRGEENVSYKPFVVSWKYGVAGCFYTHCGPNFCCCIS,0.9997935891151428,1
580,580,VRFRIRVAVIRA,0.9949272871017456,1
581,581,MWGRILAFVAKYGTKAVQWAWKNKWFLLSLGEAVFDYIRSIWGG,0.9999903440475464,1
582,582,GLRKKFRKTRKRIQKLGRKIGKTGRKVWKAWREYGQIPYPCRI,0.9999964237213135,1
583,583,IATQCRIRGGFCRVGSCRFPHIAIGKCATFISCCGRAY,0.9999977350234985,1
584,584,GLKDIFKAGLGSLVKGIAAHVAN,0.9999880790710449,1
585,585,QLPICGETCVLGGCYTPNCRCQYPICVR,0.999848484992981,1
586,586,RVKRVWPLVIRTVIAGYNLYRAIKKK,0.9958382844924927,1
587,587,AFKLLGRIIHHVGNFVYGFSHVF,0.999969482421875,1
588,588,GGLRSLGRKILRAWKKYGPIIVPIIRIG,0.9999856948852539,1
589,589,GLLSALRKMIPHILSHIKK,0.9999788999557495,1
590,590,EPHPDEFVGLM,0.7922822833061218,1
591,591,AILTTLANWARKFL,0.9975180625915527,1
592,592,GLFSKFAGKGIVNFLIEGVE,0.9996633529663086,1
593,593,SLGSFLKGVGTTLASVGKVVSDQFGKLLQAGQG,0.9999358654022217,1
594,594,FIHHIIGGLFSAGKAIHRLIRRRRR,0.9999707937240601,1
595,595,ILGPVLSLVGNALGGLLKNE,0.9999723434448242,1
596,596,GWKIGKKLEHHGQNIRDGLISAGPAVFAVGQAATIYAAAK,0.9997658133506775,1
597,597,GLGSLLGKAFKIGLKTVGKMMGGAPREQ,0.9999749660491943,1
598,598,FPFLLSLIPSAISAIKRL,0.9999698400497437,1
599,599,AVTCNTVVSSLAPCVPFFAGSAAQPTAACCNGVRSLNSAARTTPDRRTACNCIKSSASSIGLNYNKAAKLPSRCTVNVTVPISPSVNCAT,0.999718964099884,1
600,600,EPNPDEFVGLM,0.7761803269386292,1
601,601,GRLRNLIEKAGQNIRGKIQGIGRRIKDILKNLQPRPQV,0.9999603033065796,1
602,602,GLFSVVTGVLKAVGKNVAKNVGGSLLEQLKCKKISGGC,0.9999990463256836,1
603,603,ALPKKLKYLNLFNDGFNYMGVV,0.007679129019379616,1
604,604,GWKDWLNKGKEWLKKKGPGIMKAALKAATQ,0.9999995231628418,1
605,605,VWPLGLVICKALKIC,0.9999990463256836,1
606,606,ILENLLARSTNEDREGSIFDTGPIRRPKPRPRPRPEG,0.01944963075220585,1
607,607,GATPEDLNQKLS,0.0035939952358603477,1
608,608,GIFNVFKGALKTAGKHVAGSLLNQLKCKVSGEC,0.9999973773956299,1
609,609,QNCPTRRGLCVTSGLTACRNHCRSCHRGDVGCVRCSNAQCTGFLGTTCTCINPCPRC,0.9999986886978149,1
610,610,YRGGYTGPIPRPPPIGRPPLRLVVCACYRLSVSDARNCCIKFGSCCHLVK,0.9999818801879883,1
611,611,GLMSLFKGVLKTAGKHIFKNVGGSLLDQAKCKITGEC,0.9999985694885254,1
612,612,FLGSLLGLVGKVVPTLFCKISKKC,0.9999997615814209,1
613,613,IDWKKLLDAAKQIL,0.9819152355194092,1
614,614,APAKCTPYCYPTHDGVFCGVRCDFQ,0.9973253011703491,1
615,615,GIKDWIKGAAKKLIKTVASNIANQ,0.9999938011169434,1
616,616,AGANDLCQECEDIVHLLTKMTKEDAFQDTIRKFLEQECDILPLKLLVPRCRQVLDVYLPLVIDYFQGQIKPKAICSHVGLC,0.9919301867485046,1
617,617,PNWTKIGKCAGSIAWAIGSGLFGGAKLIKIKKYIAELGGLQKAAKLLVGATTWEEKLHAGGYALINLAAELTGVAGIQANCF,0.9999963045120239,1
618,618,RNCESLSHRFKGPCTRDSN,0.2268163561820984,1
619,619,GLLGPLLKIAAKVGSNLL,0.9999959468841553,1
620,620,GLFVGLAKVAAHNNPAIAEHFQA,0.9415878653526306,1
621,621,GMATKAGTAFGKAAKAIIGAAL,0.9999978542327881,1
622,622,AATAKKGAKKADAPAKPKKATKPKSPKKAAKKAGAKKGVKRAGKKGAKKTTKAKK,0.9999979734420776,1
623,623,IPWKLPATFRPVERPFSKPFCRKD,0.9866684675216675,1
624,624,GIGGALLSAGKSALKGLAKGLAEHFAN,0.9999969005584717,1
625,625,SIGAKILGGVKTFFKGALKELASTYLQ,0.9999790191650391,1
626,626,SLWETIKNAGKGFILNILDKIRCKVAGGCKT,0.9999847412109375,1
627,627,NALSSPRNKCDRASSCFG,0.9795777201652527,1
628,628,QEFYGNCCLGHVKPMKIKGKRIESYRMQETDGDCHISAVVFLIKKKPSHVKQKTICANPQEAWVQELMAAVDSRNPKN,0.9018163084983826,1
629,629,IFGLLLHGAIHVGKLIHGLVRRH,0.9999485015869141,1
630,630,GLWEKIKEKANELVSGIVEGVK,0.99979168176651,1
631,631,SSLLEKGLDGAKKAVGGLGKLGKDAVEDLESVGKGAVHDVKDVLDSV,0.9964642524719238,1
632,632,SLFELGKMILQETGKNPAKSYGAYGCNCGVLGRGKPKDATDRCCYVHKCCYKKLTGCNPKKDRYSYSWKDKTIVCGENNSCLKELCECDKAVAICLRENLNTYNKKYRYYLKPLCKKADAC,0.9999903440475464,1
633,633,SNDSLWYGVGQEMGKQANCITNHPVKHMIIPGYCSKILG,0.8701804876327515,1
634,634,GEILCNLCTGLINTLENLLTTKGADKVKDYISSLCNKASGFIATLCTKVLDFGIDKLIQLIEDKVDANAICAKIHAC,0.9997333884239197,1
635,635,GSVIGCGETCLRGRCYTPGCTCDHGICKKN,0.9999911785125732,1
636,636,ALWKTMLKKLGTMALHAGKAALGAAADTISQGTQ,0.9999855756759644,1
637,637,SIVPIRCRSNRDCRRFCGFRGGRCTYARQCLCGY,0.9999994039535522,1
638,638,RRLRPRRPRLPRPRPRPRPRPRSLPLPRPQPRRIPRPILLPWRPPRPIPRPQIQPIPRWL,1.0,1
639,639,GLPVCGETCFGGTCNTPGCSCTWPICTRD,0.9999977350234985,1
640,640,ATPATPTVAQFVIQGSTICLVC,0.03820027410984039,1
641,641,INWLKLGKKMMSAL,0.9999127388000488,1
642,642,GTKRGKLCRISRLAL,0.9982262253761292,1
643,643,RRTCRCRFGRCFRRESYSGSCNINGRIFSLCCR,0.9999992847442627,1
644,644,GLFDIVKKIAGHIAGSI,0.9999876022338867,1
645,645,FLFSLIPSAISGLISAFK,0.9999814033508301,1
646,646,ILPILSLIGGLLGK,0.9999994039535522,1
647,647,GFGCPEDEYECHNHCKNSVGCRGGYCDAGTLRQRCTCYGCNQKGRSIQE,0.999908447265625,1
648,648,LLPILGNLLNGLL,0.9999828338623047,1
649,649,FALGAVTKRLPSLFCLITRKC,0.999994158744812,1
650,650,GAWKNFWSSLRKGFYDGEAGRAIRR,0.9998496770858765,1
651,651,AISYGNGVYCNKEKCWVNKAENKQAITGIVIGGWASSLAGMGH,0.9977927207946777,1
652,652,GILDTIKSIASKVWNSKTVQDLKRKGINWVANKLGVSPQAA,0.9995564818382263,1
653,653,YCERMMKRRSLTSPCKDVNTFIHGNKSNIKAICGANGSPYRENLRMSKSPFQVTTCKHTGGSPRPPCQYRASAGFRHVVIACENGLPVHFDESFFSL,0.9989044666290283,1
654,654,GKWGWIYITILFADVGGFKSSRHPEERRVQERRFKRITRGPD,0.8064583539962769,1
655,655,RRSKVRICSRGKNCVSFNDEFIRDHSDGNRFA,0.9337549805641174,1
656,656,RRAAVVLIVIRR,0.8144227266311646,1
657,657,WNSNRRFRVGRPPVVGRPGCVCFRAPCPCSNY,0.9999752044677734,1
658,658,ATISSPDAVAAAAYTPYFEIYYGPNCASASRVYTGVNRGEAWINDTFNNTETGTAGYGQKIRNNAASIRTWNVQSVNIKGNDGTYIAFSSQGACVPLDSRFGNRRNNNIGWQTVPLGGFSN,0.87162846326828,1
659,659,GILDSLKNLAKNAGQILLNKASCKLSGQC,0.999993085861206,1
660,660,ETESTPDYLKNIQQQLEEYTKNFNTQVQNAFDSDKIKSEVNNFIESLGKILNTEKKEAPK,0.1629270315170288,1
661,661,RTCESQSHRFKGPCARKANCASVCNTEGFPDGYCHGVRRRCMCTKPCP,0.9999754428863525,1
662,662,GLFNVFKKVGKNVLKNVAGSLMDNLKCKVSGEC,0.9999929666519165,1
663,663,FLPILINLIHKGLL,0.9999977350234985,1
664,664,FLPVLTGLTPSIVPKLVCLLTKKC,0.9999974966049194,1
665,665,KKKKPLFGLFFGLF,0.9999388456344604,1
666,666,NVTPATKPTPSKPGYCRVMDELILCPDPPLSKDLCKNDSDCPGAQKCCYRTCIMQCLPPIFRE,0.9615498781204224,1
667,667,GWLKKIGKKIERVGQNTRDATVKGLEVAQQAANVAATVR,0.9999498128890991,1
668,668,PITYLDAILAAVRLLNQRISGPCILRLREAQPRPGWVGTLQRRREVSFLVEDGPCPPGVDCRSCEPGALQHCVGTVSIEQQPTAELRCRPLRPQ,0.4488590359687805,1
669,669,RRWRRWWRRWRR,0.9999901056289673,1
670,670,SWLSKTYKKLENSAKKRISEGVAIAILGGLR,0.9997562766075134,1
671,671,RHCLSQSHRFKGMCVSSNNCANVCRTESFPDGECKSHGLERKCFCKKVC,0.9999785423278809,1
672,672,FFPIVGKRLYGLL,0.9999599456787109,1
673,673,RPDKPRPYLPRPRPPRPVR,0.9999986886978149,1
674,674,GTWDDIGQGIGRVAYWVGKALGNLSDVNQASRINRKKKH,0.9944175481796265,1
675,675,ELTEAQRRGLQVALEEFHKHPPVQWAFQETSVESAVDTPFPAGIFVRLEFKLQQTSCRKRDWKKPECKVRPNGRKRKCLACIKLGSEDKVLGRLVHCPIETQVLREAEEHQETQCLRVQRAGEDPHSFYFPGQFAFS,0.8878818154335022,1
676,676,AIPWSIWWRLLFKG,0.9999358654022217,1
677,677,QRPYTQPLIYYPPPPTPPRIYRA,0.9993207454681396,1
678,678,FFPIVGKLLSGLL,0.9999964237213135,1
679,679,FQSHSLPTPADERNLLQQIDCGTSCSARCRLSSRPRLCKRACGTCCARCNCVPSGTAGNLDECPCYANMTTHGNKRKCP,0.999984860420227,1
680,680,GFCRCICTRGFCRCICTR,0.9999988079071045,1
681,681,FFGRLKSMWRGARGGLKAYKYQKDMAKMNKRYGPNWQQGGGQEPPADAQANDQPP,0.9996030926704407,1
682,682,GASPALWGCDSFLGYCRIACFAHEASVGQKDCAEGMICCLPNVF,0.9558458924293518,1
683,683,SSRRPCRGRSCGPRLRGGYTLIGRPVKNQNRPKYMWV,0.9999622106552124,1
684,684,GLWNKIKEAASKAAGKAALGFVNEMV,0.9999842643737793,1
685,685,ATCDLLSGTGINHSACAAHCLLRGNRGGYCNGKGVCVCRN,0.9999853372573853,1
686,686,IFGSIYHRKCVVKNRCETVSGHKTCKDLTCCRAVIFRHERPEVCRPQT,0.9934005737304688,1
687,687,SSMKLSFRARAYGFRGPGPQL,0.5865471363067627,1
688,688,FIKWKFRWWKWRK,0.9999986886978149,1
689,689,FTCNSYACKAHCILQGHKSGSCARINLCKCQR,0.9999911785125732,1
690,690,RRLRPRHQHFPSERPWPKPLPLPLPRPGPRPWPKPLPLPLPRPGLRPWPKPL,1.0,1
691,691,MSGRGKGGKVKGKSKSRSSRAGLQFPVGRIHRLLRKGNYAERVGAGAPVYLAAVMEYLAAEVLELAGNAARDNKKTRIVPRHLQLAIRNDEELNKLLSGVTIAQGGVLPNIQAVLLPKKTEKK,0.9985604882240295,1
692,692,KVSGGEAVAAIGICATASAAIGGLAGATLVTPYCVGTWGLIRSH,0.998832643032074,1
693,693,SALVGCWTKSYPPNPCFGRG,0.9975181818008423,1
694,694,RWKIFKKIEKVGRNVRDGIIKAGPAVAVVGQAATVVK,0.9999839067459106,1
695,695,GLLSGLKKVGKHVAKNVAVSLMDSLKCKISGDC,0.9999967813491821,1
696,696,FIGKLISAASGLLSHL,0.9999901056289673,1
697,697,VDKGSYLPRPTPPRPIYNRN,0.7637256383895874,1
698,698,INWLKLGKAIIDAL,0.9999511241912842,1
699,699,FLPIIAKVLSGLL,0.9999959468841553,1
700,700,YSKSLPLSVLNP,0.009408708661794662,1
701,701,KSCCRSTLGRNCYNLCRARGAQKLCAGVCRCKISSGLSCPKGFPK,0.9999971389770508,1
702,702,ATCDLFSFQSKWVTPNHAACAAHCTARGNRGGRCKKAVCHCRK,0.9999701976776123,1
703,703,GLWQLIKDKIKDAATGFVTGIQS,0.9999712705612183,1
704,704,SCASRCKGHCRARRCGYYVSVLYRGRCYCKCLRC,0.9999988079071045,1
705,705,SDCNINSNTAADVILCFNQVGSCALCSPTLVGGPVP,0.7514699101448059,1
706,706,MQIFVKTLTGKTITLEVEPSDTIENVKAKIQDKEGIPPDQQRLIFAGKQLEDGRTLSDYNIQKESTLHLVLRLR,0.00023042739485390484,1
707,707,ISLEICAIFHDN,0.00011902597907464951,1
708,708,GINTLKKVIQGLHEVIKLVSNHE,0.9925373196601868,1
709,709,MSNTQAERSIIGMIDMFHKYTRRDDKIDKPSLLTMMKENFPNFLSACDKKGTNYLADVFEKKDKNEDKKIDFSEFLSLLGDIATDYHKQSHGAAPCSGGSQ,0.03444332629442215,1
710,710,ILGKIWEGIKSLF,0.9998795986175537,1
711,711,KTYYGTNGVHCTKKSLWGKVRLKNVIPGTLCRKQSLPIKQDLKILLGWATGAFGKTFH,0.9999573230743408,1
712,712,NVILGSAQEFLKPSD,0.0026253184769302607,0
713,713,PKENPFLPIDTTIKAPQDHSIHIPKEVYNNNGVKVYHSLDHRFNSPKARVNIRFELTSYGNNQSMVM,0.0005461054970510304,0
714,714,DGILTRGGTILGTSREKPFKPDPGEKDSEAGSRKVEAIIENYHK,0.0007029320113360882,0
715,715,SAPVPKVMMPSPASSMFR,0.018512647598981857,0
716,716,VSVDDCARISRVVGDLLDVADIIHYPYHLEVSSPGLNRPLRKRE,0.0002957955002784729,0
717,717,CKADSSHAHCQIVNDCCNTPSPVHATC,0.707180917263031,0
718,718,GMNVHIIDKDPNNFVSELQDISKAPKP,0.0005483697168529034,0
719,719,NKLSLTRRQARAFSRVFFSGASNQEIDKQGRF,0.013106823898851871,0
720,720,ELIDRCIGSKIWVIMKGDKELVGILKGFDVY,0.006922104395925999,0
721,721,VDEANARGEAVGVHCALGFGRTGTMLACY,0.01753205619752407,0
722,722,ITGVDVSMNTHLKAVKMTLKNREPVQLETLSI,0.00011496636579977348,0
723,723,GGRPGRVKRKNAKKGQGG,0.9562888741493225,0
724,724,IYFASENSKSAGYVIGMKCGAHHVGYMFLGEVALGREH,0.064632847905159,0
725,725,VPSEIIEQTKEVLAFAAKKLNLKESTEMSVTFVDNARSHELNLQYRETDRPTDVISLEYKPDESEFFF,0.0002395927149336785,0
726,726,TDVAKSLRAKLAEEACIRAPRAIRDAVSVDGTRKWLLDVGS,0.0010962438536807895,0
727,727,MQTARSSGEQQERDPRAPVLRQK,0.0019570551812648773,0
728,728,EVSGDDAMRVVDVSGLWRAAPPPPPPDGRDWR,0.00040874897968024015,0
729,729,GSSSTTTTSSLRKSS,0.012318097986280918,0
730,730,VQAWGKVLDARSRNMSIPDTWAVDKNGVPTTDPFAVHALLPAAGPKGYGLMMMIDVLSGVLLGLPFGRQ,0.04320468753576279,0
731,731,NTTPAPQQPQGRRSTPGSGAQFCSTPNRSGGGGAGGGHSICLGNFLVNTPIQSHQRSKKKITPQKQQQNQHASLGSGTGAGATPQSKPRRRVLPMTISKNVSASSSFGDTSSFSNENNFWRISQSSEIFDRS,0.8949127793312073,0
732,732,PAVLKPGGRLLILTFDSFGE,0.002999942982569337,0
733,733,PATAQGRRVGFAVAGIP,0.01269619632512331,0
734,734,RQKTIAANLEKLFQTKLAEAEEKHKYNIKTPTEENNCL,4.211450868751854e-05,0
735,735,DELQKEPQPLV,0.00868754182010889,0
736,736,MPDLNFDNPKVREEVKKIAKFWIEKGVDGFRLDAAKHIYDDDSKNIQWWKEFY,0.026071811094880104,0
737,737,SSQEKSWLRANLMHQASQWWSSCHNSSMRGYQHGILHHHAFIKDGSLLLPTAFCS,0.022722017019987106,0
738,738,PCNAGSSVGVMRAETEEELEKAIQNA,8.389853610424325e-05,0
739,739,YLENTAEILVTTAYPEAGSFDGETVSPEHW,4.8459467507200316e-05,0
740,740,PCTKQLHLTLAHKFYPHHQRTLEQLARAIPLGHSCQW,0.18881478905677795,0
741,741,KDSETQRVPSAPDF,0.0006376839010044932,0
742,742,YRPIAVQQFMVDHTFAEIVARDGLQGQVLTPEQKENIYHQVYQIWAVPNNNP,0.0006499391165561974,0
743,743,TIHDPLRFRARGEKRFSVRGTPTDCVLVAVNHLMDRPPDLVVSGINRGGNLGEDVHYSGTVAAAMEGTLLGLRAIALSQVFETNGTGIADPFQV,0.0008221954922191799,0
744,744,VKSIVASSIPIISAVGHETDFTLCDF,0.007523121312260628,0
745,745,GARAVAVINVHANGPDWVALD,0.0007626423030160367,0
746,746,RVLRRMAREYNREKYLTHI,0.002686453051865101,0
747,747,EGLTKERFLDCIA,0.0009486981434747577,0
748,748,RSWSQVVVDFVPGVNILFGKNGLGKTNLVEAVEVLSTGSSHRTSSTLPLI,0.723336935043335,0
749,749,SASDIGVFEMNEAFAAQILPCIKDLGL,0.00017307796224486083,0
750,750,PEEIDRWRQFLE,0.002693388843908906,0
751,751,QVTKTEKEAKLISSKRQDLKKYESSKNVKKVTMLNLYDSIKEGALKELKIIL,0.0005436950596049428,0
752,752,NPKIVTYNRKESFVLEILEDGEVISTLNVVKGETK,2.702411075006239e-05,0
753,753,SPLNDNEQLEFLGDSVLGFLIAEALVRRFPEYHEGDLSRLKAHLVSAAHLHGV,9.06473578652367e-05,0
754,754,DYLLNINPDFEHGEIRVGFGPD,0.0006841745343990624,0
755,755,VIRETCLHHQPLLIIIGGEKVPSDVYEWADWNIAVT,8.179552241927013e-05,0
756,756,TWKPDRNTPDTVYYHC,0.7153497338294983,0
757,757,GRIVNVSSILGRVAFFVGGYCVSKYGVEAFSDI,0.9949466586112976,0
758,758,NFATKDKMDTTAGSYA,0.00187891093082726,0
759,759,NGLKIPSALLSDESEEQNYLEVKVEGGL,4.2417166696395725e-05,0
760,760,YFQRLDSTFDHNLLVVQDVAVVQSKKLKNEIAGYLTSLYKKILKGTYNKVYIKSHEEERERKENVIPKESMLDVDCVEVDDVTMEM,0.454883873462677,0
761,761,SVLDGVDAIAVACYSPTPLV,0.00020794651936739683,0
762,762,RCRKLYEKFLEFGPEN,0.004313195124268532,0
763,763,LEFLHVKPGKGAAFVR,0.20802870392799377,0
764,764,NQPMFTDHGTFII,0.0026668745558708906,0
765,765,DAGVRVALATDFNPGTSPTQNLNLVGLLARLE,0.0002727988758124411,0
766,766,DDFLASLPDNDCRYAVYDFDFVTS,5.9145288105355576e-05,0
767,767,TQGVHLWDLQDRVLVRKYQGVTQGFYTIHSCFGGHNEDFIASGSEDHKVYIWHKRSE,0.000471132603706792,0
768,768,DNSEEGQALKQSKAQAKLAEEQSGLGGVESAFKPIDPAPAMTPAASK,0.00013017436140216887,0
769,769,WDVTSNIFAIMNCDKMCVVV,0.0026450608856976032,0
770,770,EGCTHVIVTTACGSLREEIQPGDIVIIDQFIDRTTM,0.0004847679228987545,0
771,771,AVLAFSEHHDSALHSYFL,0.0005961560527794063,0
772,772,EPRDGSGGQNSNNSTVG,0.00291804363951087,0
773,773,EYRIPYGIVDLFGYDKFGTPFVLE,0.0006080721504986286,0
774,774,VKTYKVVEDPTTDGVISWNEYGTGFVVWQPAEFARDLLPTLFKHCNFSSFV,0.0005684705101884902,0
775,775,GSQSTYTDLLSVIEEMGKE,0.00024245349050033838,0
776,776,CTRFISKEILTIREAVWLTDNTYKYEDLVRMMG,0.00010030216799350455,0
777,777,SLRYRNGASVSRSSSIGHS,0.0038474351167678833,0
778,778,ENEERLNEYVHAGGKVKLIDHHKTALHLNEHEW,0.0001953952305484563,0
779,779,SYVKNLASKEDIQRI,0.0003861399891320616,0
780,780,PSIVTELKKQLAPLDLRTPLPQD,0.0010630965698510408,0
781,781,KAANQRAVQMLEKCGTTQVEVDASGSLTYPKDKVGSGDQA,0.000767441641073674,0
782,782,YSNRRDSNSFWEQKRRISFSEYNS,0.012702599167823792,0
783,783,RCATVVAVDEDYVIPANSEGVILAAVAGGDYACARARVVDYDFAT,3.132474739686586e-05,0
784,784,GATRTLQVLVDLPDGTEALGLDRVAAVAQEISDALDRDDPVPGPPYELEVSSPGATRTLETPRHWRRTVGHLVRIR,0.00035546705476008356,0
785,785,REALDMVAPGDLTDCYAALSESPALARLLLHRFGRGEGLEGHTFGNLLLATLSEERGGLGTAMQDIHEILKVRGRVYPATTRPVTLVAELADGRTIRGES,8.22216461529024e-05,0
786,786,PFVSNFRQLQEKLVFENLNTDKLNNIMRQDSMEPVVR,0.00013271832722239196,0
787,787,MAAFYHGRCLQLGLGIMKDEESAKHYYSK,0.008613736368715763,0
788,788,REVRNEVVGEMMRQHYVQAITQESLNPAGS,0.0001399796165060252,0
789,789,TTDSFRISQKILEIQSD,7.749811629764736e-05,0
790,790,SLPHGCLLPSDLINSHWSTTSKPQQIRLCLSAES,0.00041199944098480046,0
791,791,VTYQLGFHSIELNEPPLVHTAASLFK,0.0006252594175748527,0
792,792,CFSEVFPDRKGMSGVVDYSNYDDMKYAI,0.004319244064390659,0
793,793,MPVDLSKWSGPLSLQEVDERPQHPLQVKYGGAEVDELGKVLTPTQVKNRPTSITWDGLDPGKLYTLVLTDPDAPSRKDPKYREWHHFLV,0.0003817676624748856,0
794,794,LQHVPDDDSALDSLVHGIV,0.00010215460497420281,0
795,795,GGALCTHGRDCRLV,0.9833431243896484,0
796,796,PPTPAPQHSDLCLAMAVQTPVPTAAG,0.00027267824043519795,0
797,797,LKNFVKKAVCFPETIKR,0.999808132648468,0
798,798,LFLLKKRSFYSKLIVFYQNALNFNFLNLFHKKKQLIRIFGNLPYN,0.01438182219862938,0
799,799,QGYQLQSQHFYKIITSYMPESFEQDAVQIA,0.000475212000310421,0
800,800,SLLRRLMSPSPSDRPS,0.0014487517764791846,0
801,801,RSFKNYTGPYIELGNCYND,0.014940698631107807,0
802,802,PRIHFPLVAYAPLM,0.16254879534244537,0
803,803,RKKMEETGAASLTPPGS,0.0008410889422520995,0
804,804,GPTILKPRTPTLDRMALMTETQLQCGIIQTFIEDFHYIFSE,8.138611883623526e-05,0
805,805,YQACMARVNAWFLD,0.017778906971216202,0
806,806,NQTIIKVKEIKIKPMIGEHDLKVRAENA,5.276285082800314e-05,0
807,807,HIKILFDQINLFEYLNMFESNAGRKIGIHKKKIELIQPLLKELNPTYFLSSIRSIYFKIAEI,0.00018216465832665563,0
808,808,AGQELAWLYQEIRHH,0.0022107090335339308,0
809,809,TVLGAPPNPTSSHSAVLVNNEKILIIEKGVPLNDSIWFLEVDTPFVKQQSKIKGTVVVAWSKGVIGEGQKPIVISGPSGVGKGTLIAKLMKEYPSKFGFSVSHTTRAPREKEIDGVH,0.001910588820464909,0
810,810,GTMLFTNPLIQRTPLAFKKLKPHHP,0.08938374370336533,0
811,811,YIGANHDPRSLPA,0.0026892845053225756,0
812,812,RILGLLQTYFRKYPDTPVSYF,0.06694332510232925,0
813,813,QVMNMMAAMGGLNLN,0.0013740628492087126,0
814,814,KDGKRFASGSADKSIII,0.008764431811869144,0
815,815,LLHKLLTELGIEPERVRLEWISGSEGLKFAEVMTEFDATI,5.864297054358758e-05,0
816,816,TRRALPLDLTRALPLDLTRAWMLVRFVDAGVLDIARCR,0.0012529948726296425,0
817,817,EFTELAEAISKKLANYRASTEYQGFLEELLLKL,0.0004283431335352361,0
818,818,DDVGLQYICATLERFYAVTNVLKDMVEHLTVSTPPGRLLKHIIRCYLRLSDDLEARRLLK,0.0002039229730144143,0
819,819,QMELVGHDFFLFYDKDTER,0.00014750925765838474,0
820,820,RQPIAHYRWDLMHRVGEPQGRMREENVQRFG,0.07229268550872803,0
821,821,GPPFKFSASDRTHHKQGSFVRDVEFSPDSG,0.003059100592508912,0
822,822,QSGFGGQTKPIFRKKAKTTKKVALKFDCTTCKTKRVIPIKR,0.9999799728393555,0
823,823,VDWQTVYFRDLSREEIERYIELEKPYDCVG,0.00010571296297712252,0
824,824,DVFEVPRMGYKSQFCV,0.020293917506933212,0
825,825,IWRESDLLVSECTAQQ,0.0001440080814063549,0
826,826,VAFCYGIAYSKLSEETKF,0.0024087249767035246,0
827,827,MGEIVKRTKEAMIIMITNPLDVATYVVSTQFDYPRNLILGTGTMLETYRFRRILADKYQVDPKNINGYVLGEHGNAAFVAWSTTGCAGFPIDDLDEYFHRTEKLSHEAVEQELVQVAYDVINKKGFTNTGIAMAACRFIKSVLYDEHTILPCSAVLEGEYGIKDVALSIPRMVCA,0.293800413608551,0
828,828,QRPDATGHFSRRWAAKQAVFKA,0.6270201802253723,0
829,829,MQPWQEQCFRFGLKHEMTAVQRVSK,0.009279333986341953,0
830,830,RDMAHEPGNGWTPKHFSRYAKKLAKS,0.6790198087692261,0
831,831,IESLIAVFQKYAGKDGYNYTLSKTEFLSFMNTEL,0.0002601202286314219,0
832,832,VVKKGSWYSYEDQRLG,0.12158409506082535,0
833,833,CAQSAGWLSLTAILQYLPNLTYVN,0.25355443358421326,0
834,834,FDHSTGFYYDSENQLYYDPSTGIYYYCDVESG,0.0010507226688787341,0
835,835,ELTEFKPASEVQEPNEVKMSSGAHAGLQSAEQVAEQ,0.00012396184320095927,0
836,836,IKKLFIEGAGGLMV,0.5724428296089172,0
837,837,GAVCFACRCYEAECVAVRLLARSETSAQQLGFKLLKRGFEKRVVESVFPVLKRYSWLDDTRFARAWLRNRVDSRPASRAQLLGELKRRGVSHADAEGALDLLFQEQDEETLCLRLLEKLRRRGYGPHTLQRALQRRQFSPSLVRRCLAVET,0.14135707914829254,0
838,838,LKKSVKSAAIVAPENWG,0.9360852241516113,0
839,839,YIISDGVDRDLFRVKRMMITEEKAYQAV,0.00012452708324417472,0
840,840,LCFLTLRHKRPKAKYIIWPRIDQKSCFKSMITAG,0.4776879847049713,0
841,841,SALNPHWEGNTVYQEARKIVGAELQHITYSHWLPKVLGDPGTRMLRGYRGYNPNVNAGIINSFATAAFRFGHTLINPILYRLNATLGEISEGHL,0.07590524107217789,0
842,842,PDNEENCIDTLSLLSGNQHQVLTAIALVSHAGVKGQV,0.00023850056459195912,0
843,843,LKEEGIRPTINAAITIDKLSKVADSIIAIDNNKLKESGDDISSAYEK,5.599161158897914e-05,0
844,844,EHSLPTEIELSEIRKSYNIFAMSHR,8.604970207670704e-05,0
845,845,FVFYYEFLKQENQKMNLTSIISLSDVCYKHFYDSLIL,8.488061575917527e-05,0
846,846,IAETSEIDRATITPESHTIDDLGIDSLD,1.8998765881406143e-05,0
847,847,ESKTCSFADNCRFAHGE,0.00048493390204384923,0
848,848,KAIYQQARCLLHKDAITALAKSISIAQLS,0.7891673445701599,0
849,849,RGEKKQDGEKLIRPAESVYRLDFIQQQKLQFDHWNVVLDKPG,0.0028169197030365467,0
850,850,NSSGVKSAPLMLKKWIELEKIDSAKHSILISGLIKK,0.4245263338088989,0
851,851,KSAFEQLDSTFGTFAKSSAQKKGYTLPRPMIANADIVRLVNSDEIQAAVRASKVVVKRPT,0.002321912907063961,0
852,852,LRSLEAVERALSLCQYAV,0.00031724132713861763,0
853,853,KEEQEWEALEYQGRKAHRRYE,0.0038697565905749798,0
854,854,IENDQLLLKAPDPIYQYWIEENYLSQLIGASFRILAKN,0.00023631509975530207,0
855,855,LELAGKIRDSQNLRVLQKQIEELQKPQFSLEEAERIENE,0.0001819275348680094,0
856,856,LWSDLRRRAEAQTRPVRAPIAGS,0.02980632148683071,0
857,857,QVGEVIGKLQTLDSLFGAQDSELR,0.00023864657850936055,0
858,858,YIQKQLKKYDAHIDAFYYCPHHPI,0.013399825431406498,0
859,859,PNAAVKKNKQRKVHQRVVDVFQALTNEL,0.0014964445726945996,0
860,860,RIRIALGNEAS,0.0005643048207275569,0
861,861,IFPDPSNFDCYCKLKDRLPSIVVEPTEGDVESGELRWPPEEFLVQE,0.0002666646905709058,0
862,862,GRKSNSLMNLCGPKLYKQPAAKSNRGIILNAVEYCVF,0.9320592880249023,0
863,863,LPAHPQLEVLQGDITD,0.0006274053594097495,0
864,864,FKTIKDLIIQSRIVVTTLHG,0.006511884741485119,0
865,865,QVVYENLLKLGVICDYRLPNFLRITPIPLYNSF,0.0028514449950307608,0
866,866,VLEKRDGTVLRLQQYSS,0.00047799668391235173,0
867,867,YPVNGHDRAKYGLL,0.05235573649406433,0
868,868,ISIISNTPYYITSEILFK,0.00014375921455211937,0
869,869,RSSMADAESFNDDNMVLKNDVLREYLLPQIKDLTDSVVTLDSNMTRLNFIHDNLVDLNESFGSLLYGLMCNSWCVEFPNAPTRFDKEIRLMNEIEELS,0.0010007674572989345,0
870,870,LDCQFITDHLASMGAIEITREDYLKRLKSAVSSYFTDKETGNWNTLDRLS,5.410294761531986e-05,0
871,871,VDKANGKQLVEIFTSHSCSYWAGMAAIQ,0.005138150881975889,0
872,872,MLVHEEGPAEPSSFTLQSLDDPMLAFQIVDPVMLGFNYELALSDAENALLQSPSP,1.3426068107946776e-05,0
873,873,HIDQFLIATFMQLRLAYNTHMADERLDKDDIVR,4.8667217924958095e-05,0
874,874,TEGERMLLTPTYHVFNMFKVHQDASLLATETMSADYEWNGETLPQISISAS,2.2182015527505428e-05,0
875,875,VHEEAFDDFLRYKTRIPVRGAIMLDMSMQQCVLVKGWKA,0.0038978299126029015,0
876,876,EKMLTLSGYQVR,0.002032628981396556,0
877,877,SDFIVGFCGETDEDFQKSVKLIERC,0.02156698703765869,0
878,878,HNSGSEPSLSRQR,0.0018714899197220802,0
879,879,ELAVPQRGDKRS,0.0010231853229925036,0
880,880,EANLYEARRGEYMSIDAL,0.00010155862401006743,0
881,881,PDGSKEQNTVAAPPP,0.0011217063292860985,0
882,882,MTVGTTVDEAAYLLSLMERSCQIQLLIDSATKVGERK,4.0006805647863075e-05,0
883,883,KTVRMQEHLAKREQLDFMESMLSHGK,0.00014151225332170725,0
884,884,EEAAVYGPPVYRSGYQILYNNNT,0.0022219105158001184,0
885,885,PIQVMMMGNVH,0.011259909719228745,0
886,886,TRSYSPERSISIDSSTLSRKGSIIGDNQQ,0.0006182571523822844,0
887,887,SWGFKSDNVMKCQEQEEQQ,0.0002034300850937143,0
888,888,NFGLYRDRVGALIVCAQNAEKLTDLRSQLAFLARNLWSTPPAHGAEVVAAILGDSELKGLWQEEVEGMRSRIASLRIGLVEALAPHGLAERFAHVGAQRGM,0.13204608857631683,0
889,889,SVFFTVDQITTALNVLSSPSARVAYDAALRVSRPTGAAGRDGSFQTGVENVDLDDLAFDEDQECWYRPCRCGNEHSYEFREADLEEVSEEGELVVGCLDCSLWLRVHFAVLDE,0.001033948501572013,0
890,890,MPYSGLFMPLGGWI,0.8022443056106567,0
891,891,GSFGGTQGRVATPNYPNNYDNDLECVYVI,0.00821197684854269,0
892,892,SQPNTFDDAQDICDH,0.00015998224262148142,0
893,893,MKLKYVKLKKYLEEVNERQKRALLRNQTFLNEFNEFEAHVKASSSELIEKMVRYGREIKSGLSFQE,0.0008966325549408793,0
894,894,LLAKPTDDSVEIAVGLMREVGLF,9.919641888700426e-05,0
895,895,FQIVSAVSCIHKAGILHRDIKTLNIFLTKANLIKLGDYGLAKKLNSEYSMAETLVGTPYYMSPELCQGVKYNFKSDIWAVGCVIF,0.11796464025974274,0
896,896,AMGRTNDAVLYGGDVHLF,0.000564501213375479,0
897,897,ENDTSIDYSVVP,8.592991071054712e-05,0
898,898,SKEIAKCSEFKPYYLTKALQKLKD,0.3864821791648865,0
899,899,SPPPGIQSNTLPPV,0.023235805332660675,0
900,900,QEASDLFKDQLQKRQAKLSDLQGSYEKLMASAEPMS,0.00011629988148342818,0
901,901,LIRLSLDERIYVKLRSDRELRGKLHAFDQHLNMILGDVEETITTVEIDDETYEEIVRTT,3.960174944950268e-05,0
902,902,LRANRPDFLIAAGTVLTAEQVVLAKSSGADFVVTPGLNPK,0.0003804343577940017,0
903,903,LRNIHSSDWPKFFEKYLRDVNCPFKIQDRQEAIDWLLGLAVRLEYGDNAEKYKDLVPDNS,0.007834840565919876,0
904,904,EDLTAELLTIQHELFDCGGDLAIVTERKDYKLTEESVSFLETRIDAYTAEAPELKKFILPGGSKCASLLHIARTIT,0.00022294226801022887,0
905,905,LQDKWRLSTPGQDYSAFMATLAEQIEKADQQCGERGTVG,0.0005673132836818695,0
906,906,SGYVQRSLAHDNRDDKTGIVRLKNKNYELRKITKRSQKVDKPANESKDNGLKKVLVEHDKRREIEVQVSELRDSLEDKQDRNPDEWPDKRIDEECEKLRS,0.002023067558184266,0
907,907,TAPQYEGKIGEQEYFDKGV,0.0011612765956670046,0
908,908,PRPRVYSSIIKIKPHSEPVY,0.052513573318719864,0
909,909,TKQGLSSSFIDSDASQKKNF,0.00045253284042701125,0
910,910,FETETDATAVDC,2.859948290279135e-05,0
911,911,FLDADIQNNPQKTRPFNIQQGKKLVAGMD,0.0015376235824078321,0
912,912,VVRTREEKDERNLQISLTEQGKAIKSPLAEISVKVFNEFNISEREAS,2.652069815667346e-05,0
913,913,GNLSFYTSEEQIYELFSKCGTIKRIIMGLDRFKFTPCGFCFIIYSCPDEALNALKYLSDTKLDEKTITIDLDPG,0.0061485436744987965,0
914,914,MNEIALMPSPPSRNEQPAFCVNWCPSRWREQYIAVGCMNDAYIY,0.005731143057346344,0
915,915,PTFNHPIFHPENRSRNEQASANRTNI,0.01585838757455349,0
916,916,HDKQVHHTHEGSIGNLCN,0.0008047812152653933,0
917,917,GKIHRDIKAANVLLSASGDVKLADFGVSGQ,0.16283975541591644,0
918,918,RFGIAVARAVAPLERLGAILFP,0.025126904249191284,0
919,919,IDQTEETYDILIKRYYPEKADIDAYVAQYGMNGFYESVEARHACCG,0.0002561961591709405,0
920,920,MDAPDGAVVGYAL,0.00036435291985981166,0
921,921,WSSKGDLEMVRQMIIDSHVGHPDPVNAIEKVLVSPGQNPAPLVRLLN,0.004315591417253017,0
922,922,VDKKETKNHNKQEFKYKELYEHELKKNKELQNINTLLKDKNQQLEEQISQLNQDFIKQLETKAKQAQQILEQKVNEL,0.08724380284547806,0
923,923,PRIGTTAQVDVTAEIDADRL,8.425556006841362e-05,0
924,924,ISCIMQEKDVDGNVERVYACCAALRHFMIPVSSRAHFAPTAILLQEKLASSRFTQLHYISASMIRLSM,0.003383165691047907,0
925,925,QSCADSVFFCNSGAEANEAA,0.00028076881426386535,0
926,926,PFGISLTAIQDVLRTFGGVAHRTEYIGEFAGRKVYNDSKATNNVATEAALSGFQS,0.017109686508774757,0
927,927,FVFPNGYRRPRQ,0.6452768445014954,0
928,928,AGQPHSSSDAAQA,0.0008566226460970938,0
929,929,VNDVLFAVNHMFVSKSMPCADDVAYINVETKERNRYCLELTEAGLRVVGYAFDQV,4.591256947605871e-05,0
930,930,RRWYPAVYENRPPKNGGHRALADIIESLDELRYYRKAFMA,0.11740793287754059,0
931,931,GALACGLAYPERTLEWVNDSYMAHQALAQNLQLNRIETPLHRTPALAASPTNPVGILIKLPRMLQLLSSQLDWLNLHLPK,9.141018381342292e-05,0
932,932,SFIDIPPQHLKTYVRSFSSLKRCGGYCVQDGGGLIIKQIEGCVYNIQGLPIKTL,0.9554386734962463,0
933,933,LPHHVFPPKKITTTQLGQLAGVQYYKVDLDDTASMKK,0.0005656220018863678,0
934,934,FDPGTQPVAGLAAQGFHRVVISLHGRF,0.08984296023845673,0
935,935,QTLSSYIFHTNIVDDLNSLLTWMSPND,4.662412902689539e-05,0
936,936,FTLCENSMILSAAIFITLLGLLGYLHFVKIDQETLLIIDSLGIQMTSSYASGKESTTFIEMGKVKDIVINEAIYMQKVIYYLCILLKDP,0.00028930953703820705,0
937,937,APLRIECYDISHLQGDDVVASMVVFEDGLARKS,5.7553705119062215e-05,0
938,938,HSTVVHSTSQPNLGATDSRRVSFEPSKNGASSAGHPSTSAYPTKSIGPPPRV,0.01244299579411745,0
939,939,DDVIPKHESIKSDDSHNIQVYVKRSSMEP,0.00011256464495090768,0
940,940,VRRVDAAAAEVDALMRQALGLTPQ,0.00014415288751479238,0
941,941,IELNKIKTIYSHPQPFQQCSDFIKKFPEWKIK,0.8217788934707642,0
942,942,CYLLSDSKNKKSWLIDPAEPPEVLPEL,0.0008704242063686252,0
943,943,VISEMEHHANIVPWQMLAQARGLT,0.0009043730678968132,0
944,944,TSTRDFVAEYVSMVSILMTNLSKIAEDFVIWST,4.33226341556292e-05,0
945,945,KERSEYLQRWKEEQQRSKSLDDNDEKQQQDQEQEREEVKYR,0.04314161837100983,0
946,946,KGIALNAKEVQL,0.004676525946706533,0
947,947,VVPTLRFFYDEGPDAERR,0.0005914992070756853,0
948,948,KTPEAFHDFFALFLTFGERESM,0.0006693070754408836,0
949,949,KEYESKYYSLPRLKILEIKANNKRQRTFNRQRHHQKLVL,0.06033000349998474,0
950,950,EWVKEKIDLESLLGTIQTNLKTYQLRKYEPPAGLKI,0.0037474140990525484,0
951,951,KALLKEERFGSQGDIVEALKNEGFDNINQS,0.0001280125870835036,0
952,952,QTRLKRTPRLRFEPDPTVERVTRIQRTLREVSGEDGD,6.684012623736635e-05,0
953,953,RRGQFPGLLTEDGFLLMCEESEHIRDAYAMAKHLVALAP,0.00028200988890603185,0
954,954,PVICLESDACNLLIKS,0.0022394079715013504,0
955,955,VDYSETSSLADPCSPSPGASGS,0.00018104759510606527,0
956,956,NKKESELDEIKRQYADVVSSRDKSVEQLKT,0.0002841888344846666,0
957,957,SKYLAGDFVSLADLAHLPFTDYLVGPIGKAYMIKD,0.000730959523934871,0
958,958,ADLQVYYSNLRGFHWNIRGAEFFVLH,0.0031535758171230555,0
959,959,RDNAILLDQTIFYPTGGGQPHDRGTINGVEVL,0.0005458918167278171,0
960,960,ITDLLPVADSLIHGLESPASEDPQVKSMRDGMS,0.00012341859110165387,0
961,961,VSAAKLEAMGLRTCGDVQKCDLVILLKRFGK,0.09198012202978134,0
962,962,EDVQGFPEKCEDVADILNAEAY,0.0005139990826137364,0
963,963,AFNRFHINMEPFPTLAR,0.08743397891521454,0
964,964,CLGENLALENGLKSAILGANSQEEIKNADVVCYNGFCSVHQLFKLEDIEFYRQKYPDILIAVHPECEPSVVSNADFSGSTSQIIEFVEKLSPNQKVAIGTESHLVNRLKAKRHHQNTFILSSTLALCPTMNETTLKDLFEVL,0.002591913565993309,0
965,965,SHVEQLLRAMILKISVC,0.019932424649596214,0
966,966,KPNMHQNVLHNDRSADNLNHRYQVPPTLVDSNSAQGTLSPET,0.00011771619756473228,0
967,967,KLDGLNEFFITKVIPLVFEIPFKPEYKFNVREGSCRVIASDL,0.00018586157239042222,0
968,968,AQSRYEGRQQFADVEEAAKQHLVERYIFLQKVLPAFKKHVLPLIPIYDERMLC,0.0057344697415828705,0
969,969,LGTAGPLKLAEKILKKDNTPIFVLNSDVICEYPLRDLLEFHTAHGGEATIVATKVDEPSKYGVIVHDRDVPNLIERFV,8.033176709432155e-05,0
970,970,RDFNQVASQLLEHPENL,0.0006281464011408389,0
971,971,VKFHGPTQAAVEQVFMAQNPDSALK,0.0008503950666636229,0
972,972,HWKSQQLDSNVTMPKSEDEEG,0.0001335842243861407,0
973,973,DSPAHHAETLSTVQLA,0.0002120122517226264,0
974,974,LLRKSPGGGREEE,0.0035737284924834967,0
975,975,RTTMLFSATLPQDIEKLSRQYMQNPEHIEVKAAGLTTR,6.207008846104145e-05,0
976,976,IALISMEIMELAREGNKSVAELMQQGREILKADEVMEGVA,0.00014170263602863997,0
977,977,IQTPSTTPLGLIMLKTASEELACPREDL,6.335419311653823e-05,0
978,978,EQLPEMMTELLASARD,0.0001818130986066535,0
979,979,PVNASSQKNILKNINIIN,0.00029864272801205516,0
980,980,WPEIAQQGGAFYDPMCGSGTFL,0.02466726489365101,0
981,981,IQPTARLIMVTPICPHSLNQRSIIFAADDEIMIEMKDNKSSSGRMT,0.0005755300517193973,0
982,982,LQRKVSSLSQQ,0.0015076207928359509,0
983,983,KASQQQWGRGNFTEGKVPHIRIENGAAIEEIYTFGRILGK,0.00596384983509779,0
984,984,GRNTFIVVALDEICWLLNLR,0.0012800046242773533,0
985,985,VQLYRLQKETETAGVDVKATSGHIKKVVSVKRGVAKQLYDFDR,0.0013319306308403611,0
986,986,SPTCSVELQRWSHGNYTVLGDGLTSEENTLDLVYYLNAAEGAAVITYLAPDAEMPTAKAPTDGRRSDYDDEEEDDSVLLTITPVDNALNIVYRC,0.0005868845037184656,0
987,987,DQEEQDDSKSSIAEPQSKHTQGSEREHLQSSLHSQATEEGPLQTLEGQ,0.008081505075097084,0
988,988,AAWLIDKAGFTKGYGTGP,0.20176613330841064,0
989,989,TGELEEEGREKVTYEGYAPHGVAVFVEGETENINR,4.0313727367902175e-05,0
990,990,IERDLYRTFPDNIHFHKESF,0.0004489855491556227,0
991,991,DVLEYLREQTEHPDHYIFVPISFISEH,8.407849963987246e-05,0
992,992,NPEMTQIRGILSQRRLIKYIWDNARSFGTLEPLLNSSLQDLKIGVLNTNSKPTSR,0.0002671489492058754,0
993,993,VSSLLTEAGFESAEKASVETLTEMLQSYISEIGRSAKSYCEHTAR,0.024716027081012726,0
994,994,VQKDTAIIRLHPSI,0.0024660818744450808,0
995,995,MSLQQKFENIKIEK,0.00021490987273864448,0
996,996,HEGTPSERPTEGVCTYC,0.022777806967496872,0
997,997,SSDIQIMISKGSNGIEIDLESEVKKAYGDQIEKVIT,2.612229400256183e-05,0
998,998,ILKSYYSRFDRIMWIDTLGTFNPAALPLPCLEKTMLVRSFDAQGLKDAVDELESNLKSSEDQAYALCIDSFSNPIGLLMAQGNISFAHAFMMTLGRKCRILTRKFRLAVYLSTSLVYIKQLHL,0.0019857718143612146,0
999,999,GSASPASGAATP,0.2417021542787552,0
1000,1000,CCEMKRLYVRPESRGLKLGVLLVKEIIQ,0.01680508814752102,0
1001,1001,YLATEVGIRRILNAFDNKVNIFAGMIISREKLQN,0.00017394672613590956,0
1002,1002,RIRGQIDALER,0.009814796969294548,0
1003,1003,HNHPSAIEPFQGAATGVGGILRDIFTMGARPIALLNSLRFGPLDTPINVGLLEGVVS,0.09607420116662979,0
1004,1004,QHQFSMPSVPPPEDLLDHEALIDQYLRDPNLHKKY,0.0005169333890080452,0
1005,1005,IVVAKITGPAKNILLAERTALN,0.007715021725744009,0
1006,1006,FEDQIVEALIKMSKIDYPEVMVETELDQ,4.4734922994393855e-05,0
1007,1007,FTTFREILTRHKSLVTGYLATNFDYFFAQFNTFLVQSESYVTKRQSIKLLGEILLDRANYSVMMRYVESGENLKLCMKLLRDDRKMVQYEGFH,6.415035750251263e-05,0
1008,1008,LFLSEVFHQAMVDVNEEGTEAA,2.5849356461549178e-05,0
1009,1009,LTFPHQLVRLI,0.4741572439670563,0
1010,1010,LALDKNLPRTMS,0.000679634278640151,0
1011,1011,FVLAPVTVSPEGEVEDENQPPVRLPWEAVRRATRMYIFKKPQKPGKK,0.18164938688278198,0
1012,1012,SAIGAKYNKTAAQVILRWNIQKNLITIPKSV,0.19693313539028168,0
1013,1013,ECNPVGALQELVVQKGWRLPEYTVTQESGPAHRKEFT,0.002088006120175123,0
1014,1014,GSIELACLVEMVDGIVDIVQTGTTLKSNGLVEKDTI,4.648565663956106e-05,0
1015,1015,PMEESWFITPPPCFTAGGLTTIKVETSPMENLLIEHPSMSVYAV,0.00011590364738367498,0
1016,1016,NRSDKYIWSPHDAYFYKGLSELIVDIDRLIYLSLEKIRKDFVFINLNTDSLTEFINRDNEWLSAVKGKQVVLIAARKSEALANYWYYNSNIRGVVYAGLSRDIRKELAYVINGRFLRKDIKKDKITDR,0.29368433356285095,0
1017,1017,WKAAYEKGQAPHPRLARRGTLPVDQEKC,0.008908146061003208,0
1018,1018,QADVPLLPFDEKNIKPEF,0.0010455796727910638,0
1019,1019,ALQVMMFGSPAV,0.0034587590489536524,0
1020,1020,VWKAALDAGAYGAFVSGSGPAIFALG,0.9717517495155334,0
1021,1021,FLIPRIARLDVGKNMTCI,0.6115719676017761,0
1022,1022,LAHTVMSRIEDVLYADQLTQEPTNNAPSKNRYSLKENE,0.0011290616821497679,0
1023,1023,VSELLQGGTSRKPSDPAPKVM,0.0012027329066768289,0
1024,1024,ERAVVQVEFSPPGARELE,0.00014478919911198318,0
1025,1025,DKLRFIIQSDFNDGMQVFCEIQRSLIFENFTIESLSDNEI,2.7209476684220135e-05,0
1026,1026,VNIGTIGHVDHGKTTLTAALTMALASMGNSAPKKYDEIDAAPEERARGITINTATVEYETENRHYAHVDCPGHADYVKNMIT,0.00016018631868064404,0
1027,1027,AMKAPIRVSND,0.0014912969199940562,0
1028,1028,DKVSAKRIIDFLSGTV,0.002062732819467783,0
1029,1029,GGNAGGPGEAGATGGRGPRGAGAARASGPGGGAPRGPHGGAASGLNGCCRCGARGPESRLLEFYLAMPFA,0.9973499774932861,0
1030,1030,DELFEKNQKKKDDPNFVYDIEVE,6.711758760502562e-05,0
1031,1031,RGLLLSALSYLGFETYQVISQAAVVHATAKVEEILEQADYLYESGETEKLYQLLTQ,0.04804784432053566,0
1032,1032,VKEVISSASSLLGDITTSDCDIR,0.0004375360149424523,0
1033,1033,LKAQAADPNSELGIVI,0.0005692897830158472,0
1034,1034,VYTAGKTTKPEH,0.0012570812832564116,0
1035,1035,RLLRHISGTEPLEITCIHAEETFQVTGQQIISAAE,2.1969155568513088e-05,0
1036,1036,NGEVAGSSRSSRRTR,0.012271293438971043,0
1037,1037,VVSVAEEVQLQRLMLRDGLDEQA,2.6069039449794218e-05,0
1038,1038,EFLQYIDINKIPLWLRSSEHFSNLLICFTTSTTTNAFFESKLKYINRGIVIEVNSAAAAAAANNYQHRYLIFYKNGHNVEFIPIDLSLKELFDNKIASLNADTENVTEGKEKKKSSSIDKILMQSQKKVFVQTNKVMESLQIS,0.03560595214366913,0
1039,1039,QDIDLSIQEEILGG,0.0010608844459056854,0
1040,1040,EFLQTYGSLIPLSTDEVV,0.00011324852675898,0
1041,1041,RIQEEMSRSVVLEDLIPLEELEYVVGVDQAFISDEVVSCAVKLTFPELEVVDKAVRVEK,3.7762165447929874e-05,0
1042,1042,YLHHGLVIWLDGS,0.013400550000369549,0
1043,1043,LTDHIIPFWNKLRDDENGGFYGYLS,0.012890847399830818,0
1044,1044,YWIGRAIGAQSLAQGEPQVSVGRDGRLSGPMLVEQLI,0.1621367335319519,0
1045,1045,PLIQRKDTEREEKFSPATP,0.0005396889173425734,0
1046,1046,DNSSAQVDIPL,0.00022721012646798044,0
1047,1047,GCIQDCNRALELHPFSMKPLLRRAMAYETLEQYGK,0.0013696502428501844,0
1048,1048,LYQFNPPLLNAETVTNILAKALTVFPSPAFSLSLALLPAYTQPYATSST,0.00017623305029701442,0
1049,1049,EMILVEGMGGIMTPIL,0.0013244925066828728,0
1050,1050,QGDFYNVMGLPVSKLIDELEKMFNPE,0.0006333176279440522,0
1051,1051,SKRAIGDPVSQAKI,0.007598379626870155,0
1052,1052,KIFPMGDRLYIGLAGLATD,0.0014400038635358214,0
1053,1053,TILQLGQGLINLE,0.1927967518568039,0
1054,1054,RSGGSVDSVLSQIAAQRKKAAG,0.07947281748056412,0
1055,1055,QSGIDPTIVVGSDVPSIGGNAYSGQGDFFLAESCEY,0.0034778621047735214,0
1056,1056,GELFDRYVRISDKVVGI,0.10168985277414322,0
1057,1057,LSVYLQLRNVI,0.06152241677045822,0
1058,1058,YSRIADQCDFEEFVSFMTSGLSYILVVSQGSKHNPP,0.0010577997891232371,0
1059,1059,QENDVPVIVVSSGMKPIIKVLLT,0.00031785224564373493,0
1060,1060,KEASIKVLINALVIAQWNIFNIKNGWAGLV,0.2252938598394394,0
1061,1061,RRGELRNIHKLKFWPL,0.9584314227104187,0
1062,1062,QEIPVVQSIPHPCYNS,0.004062857013195753,0
1063,1063,MMIPDCHKRLE,0.02358877658843994,0
1064,1064,RDEMALFLRLLDQVIFGFKGEIYSILDTLLTPFLQRVFSGIAD,0.0012818401446565986,0
1065,1065,FDKGYIRAEYDVRPDDWYFPCHFQGNPI,0.001995283178985119,0
1066,1066,RIGAGKTSVFYAIEYALFGQQLE,0.001433142344467342,0
1067,1067,GADKGYRRQDLQPLYYPNG,0.09940552711486816,0
1068,1068,QHFWFGSSLYPWRDFETNKELPIYKRDEDEMDEDSSGDFLNG,0.006592322140932083,0
1069,1069,VEAVKETAGASSATPEVDRTSEPHPKNPQNVPAPYNTKTAVIPEGMSKNEWKKAQKKAIWESKKDEIAAVKKEKKKAARKRKQLAISRGEIPAPIPQDERPPQTQLPISIVLDCGFDEMMTQK,0.3673340678215027,0
1070,1070,KIGLALREQIIGTIPISETDVELDEVIYEGETIIF,0.0001572860637679696,0
1071,1071,EIKNKIVNVANISKDDLILEIGPGWGAITELLVQKTDTLVAIELDKRLYAHLKTYIKAPNFH,8.039982640184462e-05,0
1072,1072,KVVKFAVRTYNDMDNDLYLSKPIRLMSASQQVVAG,0.0010650433832779527,0
1073,1073,LLPGATSLYYWEGKLEQEYEVQMILKTTVSHQQALLECLKSHHPYQTPELLVLPVT,2.2798387362854555e-05,0
1074,1074,NRAITHLMRSAKERVRQDPCQDNSYMQ,0.002312838565558195,0
1075,1075,SGGTRLVHSREMKVIERYSELGPDGKD,0.0003785642911680043,0
1076,1076,SLQSTVRDCYDFLAAAGCLRPITSLRDKDMLVN,0.0012301519745960832,0
1077,1077,VTGPRLDAVEPVFRHAQRLLPQATVSRAAL,0.0033621550537645817,0
1078,1078,TNKYFLCFLVSTGSIFPKIGSFIETKVDSEWFKVGVLLSIVHVKCEEIYIQVVLR,0.007429518736898899,0
1079,1079,DGIEYNKQVTEPEND,0.00017827487317845225,0
1080,1080,FKDIETLVNNLTYQTADAKSQLTQ,0.0001625064469408244,0
1081,1081,SLAAKIASSAATLYD,0.0017557397950440645,0
1082,1082,LRPGGDVLLAVNGRPRGRLLCVDTSQALWAF,0.0055265724658966064,0
1083,1083,GDAECASSTHTPTMSGCKLP,0.0051736426539719105,0
1084,1084,DFDLQAASFSADKEQMRNPRVVRV,0.0009342723642475903,0
1085,1085,KIAAFQQMFQNQQLQPEHTPSPKEPAA,0.003327342215925455,0
1086,1086,RVSSLKEVSSRYDAPRWNQWKERKKRHDQHDEAI,0.0009159981273114681,0
1087,1087,AGDGRVTVVANGIQEIRSIKIDKE,0.00010836922592716292,0
1088,1088,ELEECSNITRFSDVIKFDANRHVYYFAHL,0.00015431392239406705,0
1089,1089,LPDIDIDIMENKRAEMINYLFEKYGKENCAQIVTFQRFKTRSAVK,0.00010601559915812686,0
1090,1090,LINETPSSFISYLDSLIPSLIK,0.0003188526025041938,0
1091,1091,MLRDVMLRLRQVCNEYDCSPLTFKIILLFNRSDVME,0.002290324540808797,0
1092,1092,VALPSTPAEPPPPTRQSHGSHGSSLTQVSAPAP,0.00014528181054629385,0
1093,1093,ELQLAKGDGGLMIYDPGFQNTAVV,0.0005668678786605597,0
1094,1094,SIWLGDAKVELITPSEITDGFEEELQIDPEKLEEIQKEAEDSGALMEEELRGK,0.0003917007124982774,0
1095,1095,KYLKEVLRIKFTEESRIKKLHKLL,0.0008730568806640804,0
1096,1096,GTVLRQVDTKTGKLKIGTYTGPLQHGIVYSGGSSDTICDLLGAKGKDILYIG,0.056604448705911636,0
1097,1097,KLNSKPGPEGLPGMALGASRGEAYEPLAWNPEESTGGPHSAPPTAPSPFLFSETTAMKCRSPGCPFTLNVQHNGFCERCHNARQLHASHAPDH,0.0375831201672554,0
1098,1098,VVMPVANTAAIPEKVQVRFGSLTLGGEDKKSTKSSSDNIAQSGPRSSYFPK,0.0020820412319153547,0
1099,1099,INDFPTENFMDTEKNV,8.841574162943289e-05,0
1100,1100,SRKSPLAEEGRLNCSTSPEIFRKCMDYSSDS,0.0010604994604364038,0
1101,1101,SLKAHIINRSNDEIAICFFNT,0.00014836380432825536,0
1102,1102,RLDVLTSFQYVSTL,0.0024071144871413708,0
1103,1103,MYDNETKLIRYVLHLRKDTEHMDHETQNF,6.025035690981895e-05,0
1104,1104,GVDSNPEDGEQSLLTDQQSIPKRNLPAHGGQNQLDTSEISLPVLKEHLLSEIQKNISEESPLTHRKW,8.662990876473486e-05,0
1105,1105,SCTGQEMKQSSEADRRSPEGERRSPSS,0.03230347856879234,0
1106,1106,TTVAVKKLAAMVDITTEELKQQFDQ,4.793257903656922e-05,0
1107,1107,AYQQASKHGEVMIEQWVTGKEITVAIVNNDVY,0.00027211103588342667,0
1108,1108,FDGNGSQARTSGDDKAGVVNGKETPGHHAPVSNTDNQSEGSFTSNRGNWSAIQRQLLQLERQQTNLMNMLQEFIGGSHDSMVTLEGRVRGLERI,0.0001299906725762412,0
1109,1109,GQTCLPMEEAFELPLDDCEV,0.00013443360512610525,0
1110,1110,NRGHQARINNNVVVGTFLGQDINFGQSSVNQGWQVAFKNALASAGINIFFMPTWPLDASTIYQTYPVADGFCKWNCWPYYTSSPTS,0.16499261558055878,0
1111,1111,SDPNVCHSYLSQSSFCHCDDMHN,0.00012607601820491254,0
1112,1112,NLTPITSPQHSEPSSILNKDAIKSQ,0.0001256777613889426,0
1113,1113,KYGVKPIGTVAHEWVMGVASISEDYLHANKNAMDCW,0.01565270498394966,0
1114,1114,NRALNEVWYHFNIAGSLQTGTFVPSEPDGLKT,0.002607364673167467,0
1115,1115,VGLGKTGVSLAHFLTKHGAQVTV,0.9654725790023804,0
1116,1116,EELKETDDSAAVYMNVGTVVMQKPKSEVISKVTEKIETLEIRIRSIEKQEKMLQEKFEK,5.631810563500039e-05,0
1117,1117,VNELKDIEQVSRL,0.0002587903290987015,0
1118,1118,QSMKNVEEQLIIMRSKTTNRVEWGTAILACKDFLNDTNMLLEGIGRDGFDMSVPLKHFAAEYSVLSYNCRYQLSADYERAMNVPKLSKQKCGD,0.00013252826465759426,0
1119,1119,HRITLVRGNHESRQITQVYG,0.0009120552567765117,0
1120,1120,SLGVVRFVPLTSKENQLNPKN,0.002846034010872245,0
1121,1121,MQFIRNRAGEQQLDIGDEGTKV,0.000468191021354869,0
1122,1122,NHETSVKVSKNKKSVKLLVFDDY,0.00015269331925082952,0
1123,1123,GGGSRGGRGGGPRVGTRGPGM,0.9998772144317627,0
1124,1124,SQSQSQSQSHAANSAAAAAAQASIAAAAAG,0.001095904503017664,0
1125,1125,KGPNRIKQALKNKE,0.3043249249458313,0
1126,1126,YNKTPANILLRYCLQKGVSPIFKASSFVHIHENVKAEQFMLDPS,0.10401009768247604,0
1127,1127,AQVPGMQEILLIGFYQPDEPLTQFLEAAQQEFNLPVRYLQEFAPLGTGGGL,0.0002711303241085261,0
1128,1128,LIYKLLKSNGKFKGDLPLDQ,0.3385635018348694,0
1129,1129,VLTRLCVALASLALSMMPDAWPCAVADMVRLFQAEDSPVDGQ,0.0005419555236585438,0
1130,1130,RKSSEDCGGEFVGLEKPAGAAVLDFVEAC,0.014618637040257454,0
1131,1131,RNTMVWNSRRLDLVHQTLRAACLNTGSALVTLDPNTAREDVMHICALLAG,0.010089162737131119,0
1132,1132,TAVTLIKWYGR,0.21384122967720032,0
1133,1133,EISHAVMRRAEEELGIVINEEPKFLYKFQY,0.00012692969175986946,0
1134,1134,MLVGFSLPLYLARNKK,0.13526789844036102,0
1135,1135,PVVPPLHSPKSPVWPTFPFHRESSRIWERGGGVSPRDLPSPLPTKRTRTYSATARASAGPVFKGVCKQFSRSQGHGFITPENGSEDIFVHVSDIEGEYVPVE,0.72691410779953,0
1136,1136,TGEATTNALTLTDEQATAALAAAFATGAAAAATGATSAAAATQQQIQQLQQQ,6.682833918603137e-05,0
1137,1137,SGSHDTTLRLTHWPSGNGLSVGTGHEFPIE,0.00039894640212878585,0
1138,1138,LQREMQNNNDTAVSKGDSMKLS,0.00010146878776140511,0
1139,1139,NDACIVFAQLHQKQGSPIRVGLQRHRDGQIDVRIQGQRA,0.025603394955396652,0
1140,1140,LFYALNLTPPCAVKIILLGQD,0.06512705236673355,0
1141,1141,ESAVTFVLTYRSRTCCRHFLLAQLRDGRHVVLGE,0.001073673483915627,0
1142,1142,RTTVPQALQELVVEG,0.00022944957891013473,0
1143,1143,EKIKGMVVTHGHEDHIGGI,0.0009060502634383738,0
1144,1144,QTCPRMIATNEYEY,0.0004545108531601727,0
1145,1145,LIVLDDIDNKDHY,0.00015841430285945535,0
1146,1146,IASAKLGKSVAIVERGRMLGGVCVN,0.6502008438110352,0
1147,1147,FLPSGSSMCLGDMPVDEKNRISHRRIASKKLADYMASVGI,0.0027231674175709486,0
1148,1148,EPQIEEVQSEPVCPVPDMR,0.0005849102162756026,0
1149,1149,VPLQGKKKCVIVLCHG,0.7646413445472717,0
1150,1150,IKDNAKALITTQSATKIYRTPQGPATQHTEINVGENA,0.0002770355495158583,0
1151,1151,CRKYLKKTNEDFELEGANPSAEGGD,0.0015460308641195297,0
1152,1152,IVMGGLLPTEIKFGIVK,0.16326217353343964,0
1153,1153,FLRSEASDGAGETSDASSADFLL,6.068744551157579e-05,0
1154,1154,ADRTYFVTSSKDKSARLYDSRTLEVI,0.0001194204596686177,0
1155,1155,MVLACAYHEAGVGPLAIPDHPM,0.00024329920415766537,0
1156,1156,SSLSPILMDSFGDDLQKLKE,0.0001299104915233329,0
1157,1157,VHRMIIAAVRLSTKLLEDF,0.0012290995800867677,0
1158,1158,QVCPHHRSQRCGCRKPRPGLVLDW,0.7467530369758606,0
1159,1159,SRRGSWDSLPDTSSTDRLDSVSIGSFLDTVAP,0.00024668496917001903,0
1160,1160,KSIGPTCPFAGSCEVS,0.9882394075393677,0
1161,1161,ADKPSWDTNESSTINIPSTSSN,9.138866153080016e-05,0
1162,1162,LMELEVILGNPI,0.002721462631598115,0
1163,1163,AEEEVPLDPSSSIVE,5.7481691328575835e-05,0
1164,1164,NAPIVVGRGGAGNIFFNKKKVA,0.6662702560424805,0
1165,1165,EDTDTTDVITFTMDEDSLEAVEREVEDM,2.0121497072977945e-05,0
1166,1166,TVEEEALLSGEVCLRRKVILKGD,5.7253451814176515e-05,0
1167,1167,SQALGVSSGLLKT,0.1280919462442398,0
1168,1168,LSIGYVFVYKGS,0.49643218517303467,0
1169,1169,WTKHSKGRMTDEDVNISSGLFSVNFYRIIIDEGHNIRNRTTVTSKAVMALQGKCKWVLTGTPIINRLDDLYSLVKFLELDPWRQINYWKTFVSTPFESKNYKQAFDVVNA,0.03051130101084709,0
1170,1170,PSEIKKLRTESILKELIPEALANLDDENLKNLCVVDVECKKGRYDAFVYLDKMFFNVHEQEKILSSLKKASRALQNY,0.007539972197264433,0
1171,1171,AASKLKTGKSPLSIVTDKTTASLTYKM,0.007851921021938324,0
1172,1172,RQLIGDNFLVSPSSYEEPPQPDLAPEELLIRHSIGKA,0.001114120939746499,0
1173,1173,SNIKNISQNDM,0.00011247043585171923,0
1174,1174,RCFTVKPTIPTTSFKI,0.11821264773607254,0
1175,1175,LQMKDEIAATII,0.00025540863862261176,0
1176,1176,DLQSAGLGNSPANRQTSPATSTPAMNECNTAGKPLLEFGESVPVG,0.0008041158434934914,0
1177,1177,HPGLGNSIAAGKAILLEDIIEM,0.0004213814390823245,0
1178,1178,RITIPARIMQWIFAGEELGKEIYFVGAKDY,0.0002891512413043529,0
1179,1179,LDFLAGIAVNSLGYAHPKWVKAVADQAAKVA,0.9265852570533752,0
1180,1180,SDDRRSTLTGAPAPTVR,0.0003717251238413155,0
1181,1181,VARNELFKFNRLHTKISILQDEKPIYYDNTILDPKTTDLNN,8.947245078161359e-05,0
1182,1182,NPLVIGLGEKENYIASDIPAFLSYTKRILVIKDGELGFITT,5.2555154979927465e-05,0
1183,1183,RQLAVHPQVVAIGECGLDFNRNFSTPSEQERAFSAQ,0.00043097283923998475,0
1184,1184,KKKALSMEDRLL,0.0008521212148480117,0
1185,1185,LEDGFGEHPFYHCLVAEVPKEHWTPEGHSIVGF,0.0011227844515815377,0
1186,1186,GVNVNGDSLPVAINGPVKGNYVEIRGDLTSQYISGLIMLGLVSGIT,0.008630430325865746,0
1187,1187,ELVLNEETVAIGVSERTTAQAIER,1.8838032701751217e-05,0
1188,1188,IPHLDRHLAIPLLNHLSDIAIY,0.016581106930971146,0
1189,1189,GKYGPGSLVCK,0.9981499910354614,0
1190,1190,SGLRELGEQPLGERIFG,0.04144912213087082,0
1191,1191,NMEINKIFVRNLHPACSKEELHELFSPFGTIKDVRLVHKLNKQFKGIAYVEFEKPGEAQRAVAGRD,0.040156830102205276,0
1192,1192,LTNINNDMFRLRLIVVVLQTCG,0.002556461840867996,0
1193,1193,VPIPDGTCFAGDVDHDNQTGLNNKAI,0.00025517353788018227,0
1194,1194,LDIITNKVSAQEQRIC,0.0009218037594109774,0
1195,1195,PENTILANSFSKTFAMTGWR,0.0016493118600919843,0
1196,1196,GLSTVNIPSTTLAAFDAAAGGKTGVNLRGKNMVGTFHNPRMVLVEPGIVAG,0.037694334983825684,0
1197,1197,IEPSERDLIERLIKLGFYYRELDRFAK,0.0009425472817383707,0
1198,1198,RLQEDIYRAHNKNSYDEGR,0.00037729679024778306,0
1199,1199,STCAREGSTCCCTNCRCLKSECLPGCKKLCCADAEKGKCGNAGCK,0.9999755620956421,0
1200,1200,NRSDRESTEGAAIAVVNADNTVGVVIT,5.1602681196527556e-05,0
1201,1201,YLLAMYGTGSELCQGFCRS,0.28474345803260803,0
1202,1202,LSEEQKAVFRRLITCDDPDLF,0.00013641653640661389,0
1203,1203,YPAGYQYASMDQ,0.13876847922801971,0
1204,1204,EDPSLPSHLSLMDDEGESREDLDMPPDVALAT,0.00014288457168731838,0
1205,1205,DILESLHQALPNMALLAYPNSGEVYDT,0.0006095634307712317,0
1206,1206,SRRMGKDKALINYQGQPHG,0.013635572046041489,0
1207,1207,YVLNIQAKNKPIYHRFRKLDELSYQLKQ,0.03485037386417389,0
1208,1208,AYLSLKASVKIMIRSNESFTEILLTMIKSQKMTHC,0.00022228808666113764,0
1209,1209,NLEQSAGTTSAEKEAIRALESQSSGTSQASLAKHKSETNTSIQSSTQETAQAPTV,1.994506601477042e-05,0
1210,1210,MMSSDPYTRQYDNDLIQELK,0.00012748864537570626,0
1211,1211,DISFGDAHISNKHCNFFVNKNNASFEDMN,5.790383511339314e-05,0
1212,1212,TLLVTYYGEEYAVQLTLQVLRAINQRLLAEELHRAAI,4.805899516213685e-05,0
1213,1213,REQDEILAIIDKNWQTLHPEWFVNKLKKAYPNWREIIEANN,0.001669529010541737,0
1214,1214,LPGRNYTFWQWFDGVMEVLKKHL,0.019889194518327713,0
1215,1215,AQEVRARLLNQALSGKNNKSALIDVVL,0.0009844937594607472,0
1216,1216,FTHFSPEKMINQPQSLEECPEMDILIVPQASLGGKVKGRSVQFHQLVAKDVGAA,0.0009175586164928973,0
1217,1217,LNKNMVDTNLLQDAT,0.0001388940290780738,0
1218,1218,NSVRNVSSDRQTSKTSENPPHTSNEYSGKPEFINLSPDLEENLD,0.00019944254017900676,0
1219,1219,HARNKRRPYSTTPPISLNIPSSPFIHSEFSLNSSSSESS,0.00028487760573625565,0
1220,1220,TSQVIKVLNQKNTLVFLSRLLIPEAKIPQSVQEMALQAFFTLTDDNDDGIITWIQNSSDFAL,2.7805082936538383e-05,0
1221,1221,MLEENVHDILCSALVDDCI,7.067518163239583e-05,0
1222,1222,LASEWIIHPASLVGTERETTD,4.900481508229859e-05,0
1223,1223,ALAEVGRGLELGSFIRLGRGEEGTGGRDKASILADTLEAVIGAVYLDQGLDAASELVHRLFDPLIEKSSNLGAGLDWKTSLQELTATEGLGVPEYL,0.00014467643632087857,0
1224,1224,PVCDDGSGNAMTAVVDRFVEELRAAFPDLRVERVD,2.0093923012609594e-05,0
1225,1225,YIAVVSAPYWIQKRRAVSRPNMTESRFRGLLARQWPDRK,0.03613836690783501,0
1226,1226,PLAELSVMLVEPKAMTDLHVRYMGEEGP,5.938796675764024e-05,0
1227,1227,EEVPKTGLGSSAGLVTVLTTALASFFVSDLENNVDKYREVIHNLAQVAHCQAQGKIGSGFDVAAAAYGSIRYRRFPPALISNLPDIGSATY,0.9393744468688965,0
1228,1228,EVVELFEVFTPQDGRGAEGELGA,3.777606980293058e-05,0
1229,1229,MSPPKIDFVNYHRNH,0.01483729388564825,0
1230,1230,FYCKGTNKRMRDLARWPMEN,0.9387933611869812,0
1231,1231,DSVINNRCEYSEEIEKDLTRSLPDYPAYQSPTGINTLRRILLFYSETNKEVGYCQAMNIVLAALLVYCTEEQAYFLFSQLCEFYIPG,3.158553590765223e-05,0
1232,1232,KSIEKEFNYNHIIKFSSIIRDAKKHMNESSE,0.00010935300088021904,0
1233,1233,HGLNPNAVKAMKE,0.029363803565502167,0
1234,1234,KCNQLFELLQDLVDHVNDHHV,0.000806933268904686,0
1235,1235,LDWKLDDNYAMYCLTE,0.0002836985804606229,0
1236,1236,RHSKGQYPEDENLPMP,0.01152991596609354,0
1237,1237,SESSNESVPHGTHHSFILKINDGITISKKKWLPFEKNLLESSNNQV,0.0005392269231379032,0
1238,1238,TRTKLIQWYQSYTNILIGDYLTRNNPI,0.004696441814303398,0
1239,1239,AAYSSPAPPQPLSPDLNVEDSSIGSHFLQMLRLLAHAPSQRSPPRHLDVLSYEDDF,6.662669329671189e-05,0
1240,1240,NGRALLERQNKELKAKLAEIETAQRTKVKATI,6.188916449900717e-05,0
1241,1241,REEHLAINLTISLHAT,9.229527495335788e-05,0
1242,1242,LKNVVFAADLSNA,0.0012962851906195283,0
1243,1243,ALNHIKNDYCLVVACDMPFINKD,0.0006925964262336493,0
1244,1244,MTHEPCVMCSMGLLHSRIRRLIY,0.012554185464978218,0
1245,1245,CRRVPNSIVCVRGVRLPLKSDIEAVKSPKAISHLEEKKSSPKEKKVNPFAITSESSRGLNP,0.003988658078014851,0
1246,1246,LPKGRLFEETVDLLLKRGIIEKRIEEGRKLILEE,7.65662407502532e-05,0
1247,1247,EEYINLSNVQHISY,9.445333853363991e-05,0
1248,1248,QHVPVVQAANFSLGIALLHWLLPELVARLPTWDVELIERHHRHKRDAPSGTALALARTLLAAREPAPSPLVYGRGPGTAPRQPGEVGIHAVRAGG,0.0014449463924393058,0
1249,1249,PTMFKREDYKLTIHDIAFSKWRNLIRHNDWK,0.0009416030370630324,0
1250,1250,PQLCNQKFELKLNDVRFVSHPTLIPQKEQRSGPMAKQQMLINIVFALHAQAS,0.006228218786418438,0
1251,1251,QFLASMLDILIRQLAWPEDTEWEAPGNEDELDEDIAAFKNFRGSCRSFIESIAQIDKSLHTEV,0.00013464028597809374,0
1252,1252,VEFTRGGDGVETVTSGAGVAARRPYDAPAWAEDSVIY,0.0005347461556084454,0
1253,1253,TSQSSQSDSKSAFVQELISLIQDG,0.00014449527952820063,0
1254,1254,SSFGIHREMLGDKVRTEAYRDALL,0.0010403819615021348,0
1255,1255,RFGKTLEKKFNFDLEDIKLHSS,0.014795546419918537,0
1256,1256,RYDRAHSNPDFLPVDNCLQSVLGQRVDL,0.0009163882932625711,0
1257,1257,NSLNLDSIIVDTSSISFE,1.8926393750007264e-05,0
1258,1258,RDKLIKEGKTHMIINVEWGSFDNELKHLPTTKYDVVIDQKL,4.078918573213741e-05,0
1259,1259,ISALFSTYPRDTTDLHMLDRLAAGLVTLPTSTYDLILVLTDP,1.3504812159226276e-05,0
1260,1260,LEELFKSAKEEL,0.000577787694055587,0
1261,1261,KQRMKEKEQENERK,0.0017035275232046843,0
1262,1262,VSFKECCEAKNYEGCVRCLQQVDI,0.0011328505352139473,0
1263,1263,SVSGLDRDLNSFKKRID,0.0019642491824924946,0
1264,1264,KQIEDLLEPFVYEYIASKKGSISAEHGIGFHKKGKLHYT,0.00028003656188957393,0
1265,1265,LKDLEDVVGLLKKLGVKLQVSI,0.09221531450748444,0
1266,1266,KIATEAGHIVYNVVRDYVQNEDIEKVHGRTSVCSLEKATPNDIAQFLAEIHPDVVIFAAGAGGKGGPERTRAVDYEGAIKVYDAMRIAGIRRLIMISAIDNRDMSQPPPPYYTAADIELSEKIHQSIGTYYHYKYLADQELVRRSSDID,9.812185453483835e-05,0
1267,1267,LITRKLWEGSTECLVVFPDGVGILPWMVPGPDEIGQATAQEMQKHSLVLWPFHG,0.00036848001764155924,0
1268,1268,TGLSVVTVEDEFLGTVTNIYQT,6.466572813224047e-05,0
1269,1269,IYHLLGYDHEE,0.05098883807659149,0
1270,1270,TIQELKGNIRVFCRVRPPLGDGESAQIAFPD,0.0026285755448043346,0
1271,1271,PKSQTLFEDKATLRLFIHLLQPSQPSMLQVAAMKTLVCIMADRPLAIRLFEQIN,0.00010572817700449377,0
1272,1272,YGIENETEISLFN,7.638086390215904e-05,0
1273,1273,QLFNPMKSGSSADEDE,0.000148692648508586,0
1274,1274,YAVNLLLGGFDTTTS,0.0017177582485601306,0
1275,1275,EGYLKKTKDWNIKLAEEIAKRENITLSSDHWKVIIFVRKF,0.0001594642671989277,0
1276,1276,GNSIFLLKNEDKPSSSSSSLSWLTSGSPKPTSISNKR,0.0006145149818621576,0
1277,1277,ANDVLMIDGEHGQILIPFVSQYIETVDTGSKTITADWGL,4.592470213538036e-05,0
1278,1278,PSAVPNGHTQLIHHD,0.003279109252616763,0
1279,1279,TDIPSGKFTSKWPTQLEKTLFKEQ,0.001676121260970831,0
1280,1280,GSTWRVFVNAVTKKKNPDSL,0.5101746320724487,0
1281,1281,RFDFQDLMEEKIALLKMPEDLLTRSVNVGFSGGEKKRNDILQMAVLE,0.0028013053815811872,0
1282,1282,VITRQGRVEVLNDEDCREFPWHPKPVLELSDSNAVQLN,0.002233210252597928,0
1283,1283,VPAPGNEFAEFAAGCF,0.00709554785862565,0
1284,1284,DKGSLEGAHVWKEQQLADLSRQILSGLAYLHSRHIVHR,0.004713987000286579,0
1285,1285,ITKVWRDASELPTAPSTPLGF,0.005917808506637812,0
1286,1286,AAGAGNFEITMGKLRCLHALGEWDRLSQLAQENWIHAGHDAR,0.0005162943853065372,0
1287,1287,KAITCQKVLMENAKSPKV,0.002506833989173174,0
1288,1288,TIEYHLAGRVLKAVNTTPESLDLLQIFSDLLRAGGTHVTMEVSSHALALGRVHGLNFHTAVFTNLTRDHLDFHGDMER,3.0355829949257895e-05,0
1289,1289,FATQDPQIEKTFEVNVLAHFWTTKAFLPAMTKNNHG,0.00021750251471530646,0
1290,1290,SSLSQIPSAIPSMPHQPTILLNTVSASASPCLHPGAQNIPSPTGLPRCRSGSHTIGPFSSFQ,0.29824814200401306,0
1291,1291,SNSSSSSTGSNTPLSTAPGSIKD,0.0007788946386426687,0
1292,1292,RVRDQLQGLDQLTADQKMSLPDSSVSRDVLALAC,0.00010907087562372908,0
1293,1293,PKHVAKNGLIPLTQRKPNCVWDDAPVDNDSTAGNLD,0.0027000897098332644,0
1294,1294,DVEIDLPNAWLWDLVDEFVYQYH,6.301136454567313e-05,0
1295,1295,QDNNFCNPSKPVSLESLENM,0.0005168976495042443,0
1296,1296,PKGLWPGQQFVMRGKGHA,0.9667676687240601,0
1297,1297,SKENSYVEKLLYKQRFYAS,0.001970757730305195,0
1298,1298,RLASYSFRRVQ,0.06078295409679413,0
1299,1299,TDITHVNENILKDINEEIEQTDQIEKKLKSSFKSINQHYHKLLKHRRNRQNDE,0.303986519575119,0
1300,1300,ALEANLKLVQQNVRDEDD,6.583934009540826e-05,0
1301,1301,GLFLGPTKYMVIQGEPGAVIRGKKGSGGITVKKTGQALVI,0.4934099018573761,0
1302,1302,VADGRDEDGEKDMCILTSTLACVVALQKWNIGCFHLHKGTRYIERNTEMI,0.015252851881086826,0
1303,1303,PLVEIKEPSKVIAQSTEEALRVGAVHGYRGMVQYLIEKIKEELGLLQKFIVVATGGGSRLV,0.007154349237680435,0
1304,1304,GTKTTFTISDFSNGGTQYYWAGGNANNLKNPISSISA,0.22141139209270477,0
1305,1305,ISNIHNICAPLSPSIQSILYPAISCTILLPPSNVNLSQQWDQRRPKYSPFIKGITASFLEIPQIPNFVEGKIFCKEELIQR,0.03593520447611809,0
1306,1306,ENEKLKAAENMDSFEKLSMENEN,1.7589722119737417e-05,0
1307,1307,SPRLMLAMYSCDVQATSEVLGR,0.0001753659307723865,0
1308,1308,HGIRHIFTIDGAQRITSVDQFEDGGGYVCSSTDAFKP,0.0013726652832701802,0
1309,1309,LCRVLRAKESLKELSLAGNELGDEGARLLCE,7.52561682020314e-05,0
1310,1310,TIAMARTSDPHSATAQFFINVADNDFLNYRSKEMFGR,0.0006203888915479183,0
1311,1311,ALEEEMKEIHALSIKKAQTP,5.675047941622324e-05,0
1312,1312,ANTLGSAAAQAVMQTA,0.048595886677503586,0
1313,1313,LVLRNRIRNNQTISNHQ,0.001081290771253407,0
1314,1314,DPELIPKLMSSG,0.001524053979665041,0
1315,1315,DSEEEDSLGQTSMSAQALLEGLLELLLPRETVAGALRR,0.0002518224937375635,0
1316,1316,DIKRNEPLSFELVVEVRPDIENLNYDNIEVEEISTEVKEEEIEEVLQRL,0.0022969183046370745,0
1317,1317,RFNIKKDLKKYVQR,0.9914776682853699,0
1318,1318,AKAHLVSLSGSVEAMIR,0.00040867491043172777,0
1319,1319,CVMNNKNMVIGTTGLSK,0.11442294716835022,0
1320,1320,CTLGSEWIQEAGVLLNLTQNC,0.0027954212855547667,0
1321,1321,HVECYNEMIKRDKFCCPICSRSVIDMSKTWQRLDEEIEATAMPSDYRDKKVWILCNDCN,0.4566660225391388,0
1322,1322,HPLKPVVLLGSNGLTEGVLAEIE,0.0010550427250564098,0
1323,1323,PSCYRKNPQHKIEYRH,0.623995840549469,0
1324,1324,YVFDWNTYKFYNES,0.0027691200375556946,0
1325,1325,VLDGRGQAAIDELIDAVKFTPALTGPQAQLGGAVVCKPPGD,0.0002951576898340136,0
1326,1326,GRVDMVVTNPPFHDRRQRTTDITRRLIAEAPTYLKPGGVLWLVANRELPYVQWLD,0.00029798573814332485,0
1327,1327,HSDIHKGRKIHQC,0.03916211426258087,0
1328,1328,VEHYCLFTTSG,0.06554486602544785,0
1329,1329,FGAEFANVQPHSGAQAN,0.002152339555323124,0
1330,1330,HYGVVDYLIKPFQASRFEEALTGWRQKKMALEKHQYYDQAELDQLIHGSSSNEQDPRRLPKGLTPQTLRTLCQWIDAHQDYEFSTDELANEVNISRVSCRKYLIWLVNCHIL,0.0037698131054639816,0
1331,1331,SEKQVTAKKQRVKKPKKE,0.006710969377309084,0
1332,1332,LETLDDFRSAQELHDELRRRGENIGLTTVYRTLQSMASSGLVDTLHTDTGESVYRRCS,9.414983651367947e-05,0
1333,1333,VFDVTDQDAVIDGVAAIERDMGPIDILINNAGIQRRAPLEEFSRKDWDDLMSTNVNAVFFVGQAVARHMIPRGRGKIVNICSVQSELAR,0.0014562745345756412,0
1334,1334,YDVCLQHHIDNCKAPCVGKQSEADYMETIEQVKKLLNGQTQELMDLLKDEMQRQSDAHNFEEAARLRDQVKALKDYSQQQKVVS,0.00674071628600359,0
1335,1335,NLPEHVQTSVGAADPPPSDTSGRDPEP,9.224986570188776e-05,0
1336,1336,TVKKMKFAPTHKYFASSDTDGKIFIF,0.009251066483557224,0
1337,1337,IRHLEKGRVIILSGGIGSPFVTT,0.005279888864606619,0
1338,1338,LDELPPSMNHHQHPSKHVS,0.03456614539027214,0
1339,1339,KTLLQSGHQYLDVRTQDEFRRGHCEAAKIVNIPYMLNTPQGRVKNQEFLEQVSSLLNPADDI,0.00017588505579624325,0
1340,1340,AKALNLSEFPYCSRLHRVKELMDKTSVSIEEVISELGNGIAALQSVPTAIFCVLYCL,0.0012536561116576195,0
1341,1341,WWDIFDVMPSPGQ,0.006213923916220665,0
1342,1342,QSFQAAGVLIS,0.1497422307729721,0
1343,1343,LEDFANDGLDRK,0.00023559003602713346,0
1344,1344,SGGLDPAQARDAADAVR,0.00043799649574793875,0
1345,1345,GDYVVHKSHGI,0.03203486651182175,0
1346,1346,VGGQPRMKLTEDPEKQTLPGSKAAFRLLGSD,0.0004952013841830194,0
1347,1347,VCGSPHAQVAYVSDAGTPGVSDPGAVLVRAVRDAGHTVVPIPGASALTTLLSVAGVRDKTVLFEGFLSPHPGRRRARLVQLCAQRVAFVLYESPY,0.011064394377171993,0
1348,1348,AQKRLDEKTIKAYRIDLIQFYNEISISDPCKIASYDLEKYIEKMHLKYKPKSVRRKI,0.025699106976389885,0
1349,1349,LDLLTSPAEAEK,0.00016067936667241156,0
1350,1350,VKIISSFMIMDTLCTARNVDFCFGHNGILFFADCSVVVNPNSLELAEIALQSAKSFKDILNAKPKVALLSFSTKGSSSAKETEK,0.0004322676977608353,0
1351,1351,SDSEHNKEVVKPYDWTYTTDYKGTLLGDNMKLNVIPTTDKINTEKLKAREQIMFFEEVLLFEDELHDHGVSSLSVKIRVMPTSFFLLLRYFLRVDGVLIRMN,0.0008713527931831777,0
1352,1352,QLLRSSNRRLEQLHGELRELHARILLPGPGPGPAEPVASGPRPWAEQLRARHLEALRRQLHVELKVKQGAENMTHTCASGTPKERKLLAAAQQMLRDSQLKVA,0.0008651426178403199,0
1353,1353,FSHFLFSKNIDFNKRKPTGSEEDRGEQPKLPQKATPSQSTLPQP,0.0009199335472658277,0
1354,1354,DPEASDISFQYSNTSDK,5.689391400665045e-05,0
1355,1355,LCHGLYGIFTPDQHLRFLEFYKKLC,0.028373099863529205,0
1356,1356,NECIREFQEQKDNVVEEKNTDQNHQNQNQEGVII,4.241971328156069e-05,0
1357,1357,GQPEIKPMRNECNSEESSCPFRVVPSVRVTGPTRH,0.02427142672240734,0
1358,1358,HICYFVSKPGSSEPSAV,0.013184135779738426,0
1359,1359,SEMWNEVHEEKEQAAKQSVSCDECIPLPRAGHCAPSEAIE,6.855225365143269e-05,0
1360,1360,CSSPCYPGHGIMFVRNDAKEFRFCRSK,0.9461269974708557,0
1361,1361,PVRMYLDRKTDMIMAGGRHPMKAKYSVGFKSDGKI,0.013629691675305367,0
1362,1362,SEVGGDTVWAEASRE,8.144053572323173e-05,0
1363,1363,IFSAHCSVATAFLDPSFFYPNFVAQKASHYNDKTGSANIWTYISRTGSLLLFTQVVYRKSKWTHQSATFADCIYCQSGQSPSV,0.22048352658748627,0
1364,1364,LGVSKLSLFYADFSQRNE,0.0045041274279356,0
1365,1365,FSYSPGLQCENCSFVCHKKCVTKVLASCIAQSNSEKSDFGGLRYRIPHRFEPFNSLGAQWCAHCGFFLPLRRKDCFKCVECGITC,0.9989618062973022,0
1366,1366,QATYNKQPMYRKAIYEVLQVASSRA,0.35520511865615845,0
1367,1367,SCTQAGGGMEDSVVAAAAVA,0.0007221974083222449,0
1368,1368,TVLRLKVNDGLRLFNGTDGEFLAQINDIGKNNLSVRLKEQLKKPYTKSTLTLAVAIIKQDKLMLAINMATQLGITKIIPLITRWCQFRSVNIERLTKCVIEATEQSERLTPPIIEKAITIQDYLKKNNNLMLYANEHEKEENSILRISS,0.026094600558280945,0
1369,1369,QESLKKMIELGSSRIGTSSS,0.0006617730832658708,0
1370,1370,SVQALLFMVLPHLHTLVNELTLKLFVVIPPAIILSFDSYLDSLNDCLLSESTHTGVLCSSLKLLSKFLDVTHMNVPLSKYENIVTLVLEYLANSSKGLASKSIEFSKNRGHSQKKRKTLSESQA,0.4199976623058319,0
1371,1371,PAELVENKEVMSF,0.00012763084669131786,0
1372,1372,SAEDMAFREGHPWKKIPPNSSNLEVSRQKERTAQQQ,0.00024298597418237478,0
1373,1373,VVRVGGRVPVLAGTGLSGTAKT,0.8605862855911255,0
1374,1374,PDMRNRSILSIYKSDNFDHMVQSNSNKISRN,0.0008324935333803296,0
1375,1375,RPSMVEIWSFSDFLSIAPVL,0.0004904867382720113,0
1376,1376,EVISLKIEDVNLASGYIVVRSG,0.0001038066839100793,0
1377,1377,SRITRALVQIVKGLK,0.9987422823905945,0
1378,1378,QEFNEKHNQQKHLL,0.0016196882352232933,0
1379,1379,RNALYKWEFEESEEDPV,6.1016537074465305e-05,0
1380,1380,TPVSPQQLKQIQ,0.014269640669226646,0
1381,1381,ELTSETDFVSKNEEFKNFGEKIVNF,0.0002689542598091066,0
1382,1382,KISTAEKTMLAKTIMEADEA,4.417680247570388e-05,0
1383,1383,CRWPALIECGVNLTQPLCEWMIQVARDRTLSLAWEVASLLTLSSSEVGLEGVGTIWPSSYSSEE,0.3008621037006378,0
1384,1384,FGSPKAFAKFNGKY,0.19384829699993134,0
1385,1385,EASYLRDHKQELTEELAGTILQRIIRKQKDKAELRAEEEEPEWPRSQSGSVKARGEGTTAPPGRHKARATFRRSQSAFSFTM,0.10671595484018326,0
1386,1386,PASDSLISPSDLGAFLQQKIKC,0.0011898793745785952,0
1387,1387,ATTQSSVSRWLRKIQAVKVAGERGAR,0.032076526433229446,0
1388,1388,MAVINESLHPPMDSRVRDAC,0.0006947313668206334,0
1389,1389,IEGDALEVTLP,0.00023336404410656542,0
1390,1390,DEKHEGLSESAQNIMKILTAELPTKQAAELAAKITGEGKKALYDLALSWKN,0.0002495335356798023,0
1391,1391,ASVNQTEMDDLWRQIEALK,0.0002656251017469913,0
1392,1392,NEQQKISKVEKTFGTLDSIGTEQDDCFDPDYSNLPLFPQENASPPLFRKASCNS,0.001260021817870438,0
1393,1393,LRRMPIEGDRRSVNIQ,0.011670426465570927,0
1394,1394,GALGHAEVHGLQAIVAGFPALRRMVGSNVAGASLGAALDGMLTTAGIAGRWVQAARDEHGVR,0.11887126415967941,0
1395,1395,SIEMGIALMLSESTEGNI,3.489140362944454e-05,0
1396,1396,PGCSKTHLPGFVEQADALKAK,0.17831233143806458,0
1397,1397,ILGWTKNPQYSF,0.09171955287456512,0
1398,1398,TDNTTGLNLKKKMD,0.0004570196324493736,0
1399,1399,YESVQLEKTWKEKFAIVARLLPSFISLPLSKRILIIG,0.011291362345218658,0
1400,1400,STDPLMVKFCE,0.0011172082740813494,0
1401,1401,AVTMADITKLRKMTGAGMMDCKNALTEAEGDYDKAMEI,0.00019816776330117136,0
1402,1402,QAVSDYCQKGELSAEQSQAVKKQVFDYCKGQIN,0.014676019549369812,0
1403,1403,DHFLPTFNAEPLQDDKVSFAHFVLPLPESSDQVDEDLLAMCYVSLMQRALTFFQDWTNESPELTKSYNVLLTKKWICVVPRSHAKSGPPLMLNINSTGYC,0.028964804485440254,0
1404,1404,LALSVVPTLTEFLAGFGDCCNQSDT,0.006678714882582426,0
1405,1405,SAKTQEPSSDRSSVSKKEL,0.0003860102442558855,0
1406,1406,LLRELSGKLGLQFLQKEYEFGAEPFAVADV,0.000247313262661919,0
1407,1407,EQYCDIPLGLYVIRGENVV,0.0004614490026142448,0
1408,1408,FPDWESAEKVVKTLLK,0.0009097838192246854,0
1409,1409,NDAEKIRVPSWIANAGIEALFEGSDAGGSDIADQALPNVLLSLYRILPIDIRRIMSKLI,0.00017767955432645977,0
1410,1410,KGGGYIEIGRDITTVVLPNADLKIFLDSSVEARAERRF,0.00014410643780138344,0
1411,1411,ELAPVAIKAGEILARRLFKDSDEIMDYSYIPTSIYTPIEYGACGYSEEKAYEL,9.812718781176955e-05,0
1412,1412,FDGNGFRSKVNTPAIDD,0.0033124415203928947,0
1413,1413,DTNVISTYKAMIPHAFAITPNAFEVEILTD,2.6230136427329853e-05,0
1414,1414,HHNNNNSSNAGIVGGLNGSTSSLPTQ,0.0003305281570646912,0
1415,1415,QEQMYAGGHDPENRDALWTSNYNQQNPIFQFLKKLIKLRQFLVD,0.0029899163637310266,0
1416,1416,EALEQLPRHNKSGKRVLLTSVYIGT,0.0018779044039547443,0
1417,1417,AISLFAAEAKGISSPVSGNADILVVPDLESGNMLAKQLKYLGQAVMAGIVLGARVPIILTSRADPIDMRV,0.007366515696048737,0
1418,1418,ATFGFVIYLDNRKIEGYGLAEKPFSINS,0.0006530386162921786,0
1419,1419,PYYWINGPLVTDAPEGTDVHAIHKGNISI,0.0010617863154038787,0
1420,1420,WLGERWVVQTVLP,0.029345231130719185,0
1421,1421,PGTSGGLGQSELR,0.009169744327664375,0
1422,1422,ELIQGLTQPVLGVCLGMQMLTLLSKERGGQALDCQAHDCKCLGIIPTEIDELNSQTLKAEGLPLPHMGWNQLTFSNPSQ,0.004681156016886234,0
1423,1423,EWAKWTKEELIGQLKPMFHGIKWTCSNGNSS,0.8570263981819153,0
