,index,sequence,probability,AMP/nonAMP
0,0,FNKLKQGSSKRTCAKCFRKIMPSVHELDERRRGANRWAAGFRKCVSSICRY,0.9999552965164185,1.0
1,1,RLGTALPALLKTLLAGLNG,0.9999336004257202,1.0
2,2,YEALVTSILGKLTGLWHNDSVDFMGHICYFRRRPKIRRFKLYHEGKFWCPGWAPFEGRCKYCVVF,0.9993823766708374,1.0
3,3,VFCTCRGFLCGSGERASGSCTINGVRHTLCCRR,0.9999990463256836,1.0
4,4,NVILGSAQEFLKPSD,0.0026253184769302607,0.0
5,5,PKENPFLPIDTTIKAPQDHSIHIPKEVYNNNGVKVYHSLDHRFNSPKARVNIRFELTSYGNNQSMVM,0.0005461054970510304,0.0
6,6,DGILTRGGTILGTSREKPFKPDPGEKDSEAGSRKVEAIIENYHK,0.0007029320113360882,0.0
7,7,SAPVPKVMMPSPASSMFR,0.018512647598981857,0.0
8,8,VSVDDCARISRVVGDLLDVADIIHYPYHLEVSSPGLNRPLRKRE,0.0002957955002784729,0.0
