,index,apd_id,sequence
0,20,AP02360,MVALLKSLERRRLMITISTMLQFGLFLIALIGLVIKLIELSNKK
1,42,AP01802,RPWAGNGSVHRYTVLSPRLKTQ
2,59,AP01343,TESYFVFSVGM
3,78,AP02702,LRHKVYGYCVLGP
4,118,AP01969,GPVGLLSSPGSLPPVGGAP
5,124,AP02351,QKIAEKFSGTRRG
6,137,AP01339,FLSFPTTKTYFPHFDLSHGSAQVKGHGAK
7,170,AP02805,VVYTLKRNGRTLYGF
8,184,AP02666,AVAGEKLWLLPHLLKMLLTPTP
9,209,AP02517,PPPVIKFNRPFLMWIVERDTRSILFMGKIVNPKAP
10,219,AP01975,KQIMTQFFNFARSPAVKD
11,248,AP02269,CVHWMTNTARTACIAP
12,250,AP02624,EVASFDKSKLK
13,255,AP02367,INLKAIAALARNY
14,257,AP02743,MGYGDIMKVDTSGASMKTAGQDRLTYAGVAASNTMAQTDLGRMNNYKAIIQRVGGKKDVDPAIIAGIISRESRAGNVLVNGWGDNGNAWGLMQVDKRYHTPQGGWNSEEHLSQGTDIISFIKQVQGKFPSWTAEQQLKGGIAAYNIGLGGVQTYERMDVGTTGDDYSSDVVARAQWYKSQGGF
15,259,AP00140,SQLGDLGSGAGQGGGGGGSIRAAGGAFGKLEAAREEEFFYKKQKEQLERLKNDQIHQAEFHHQQIKEHEEAIQRHKDFLNNLHK
16,262,AP00520,DSHAKRHHGYKRKFHEKHHSHRGYRSNYLYDN
17,266,AP00480,VGIGTPIFSYGGGAGHVPEYF
18,278,AP01230,DGNDGQAELIAIGSLAGTFISPGFGSIAGAYIGDKVHSWATTATVSPSMSPSGIGLSSQFGSGRGTSSASSSAGSGS
19,279,AP01233,QKKPPRPPQWAVGHFM
20,281,AP00806,HHQELCTKGDDALVTELECIRLRISPETNAAFDNAVQQLNCLNRACAYRKMCATNNLEQAMSVYFTNEQIKEIHDAATACDPEAHHEHDH
21,306,AP01831,ILPFVAGVAAMEMEHVYCAASKKC
22,308,AP01195,KRGSGWIATITDDCPNSVFVCC
23,309,AP01724,GTPGFQTPDARVISRFGFN
24,320,AP01205,STPVLASVAVSMELLPTASVLYSDVAGCFKYSAKHHC
25,325,AP00812,FAEPLPSEEEGESYSKEPPEMEKRYGGFM
26,337,AP01941,CVHWQTNTARTSCIGP
27,339,AP02895,SMATPHVAGAAALILSKHPTWTNAQVRDRLESTATYLGNSFYYGK
28,341,AP02250,MKTILRFVAGYDIASHKKKTGGYPWERGKA
29,360,AP01004,DWTAWSALVAAACSVELL
30,367,AP01326,SKGKKANKDVELARG
31,374,AP02783,ISQSDAILSAIWSGIKSLF
32,378,AP00560,TTLTLHNLCPYPVWWLVTPNNGGFPIIDNTPVVLG
33,424,AP01794,FVDLKKIANIINSIF
34,473,AP02197,PAAAAQAVAGLAPVAAEQ
35,484,AP00749,EADEPLWLYKGDNIERAPTTADHPILPSIIDDVKLDPNRRYA
36,500,AP02321,TNYGNGVGVPDAIMAGIIKLIFIFNIRQGYNFGKKAT
37,503,AP00666,EGGGPQWAVGHFM
38,538,AP00175,DSHEERHHGRHGHHKYGRKFHEKHHSHRGYRSNYLYDN
39,549,AP02028,KRKCPKTPFDNTPGAWFAHLILGC
40,558,AP02249,FISQIISTAHI
41,572,AP00027,ITPATPFTPAIITEITAAVIA
42,577,AP01624,HAEHKVKIGVEQKYGQFPQGTEVTYTCSGNYFLM
43,603,AP00998,ALPKKLKYLNLFNDGFNYMGVV
44,606,AP01379,ILENLLARSTNEDREGSIFDTGPIRRPKPRPRPRPEG
45,607,AP02858,GATPEDLNQKLS
46,618,AP00990,RNCESLSHRFKGPCTRDSN
47,640,AP01632,ATPATPTVAQFVIQGSTICLVC
48,660,AP00754,ETESTPDYLKNIQQQLEEYTKNFNTQVQNAFDSDKIKSEVNNFIESLGKILNTEKKEAPK
49,668,AP00741,PITYLDAILAAVRLLNQRISGPCILRLREAQPRPGWVGTLQRRREVSFLVEDGPCPPGVDCRSCEPGALQHCVGTVSIEQQPTAELRCRPLRPQ
50,700,AP02193,YSKSLPLSVLNP
51,706,AP02030,MQIFVKTLTGKTITLEVEPSDTIENVKAKIQDKEGIPPDQQRLIFAGKQLEDGRTLSDYNIQKESTLHLVLRLR
52,707,AP00996,ISLEICAIFHDN
53,709,AP02072,MSNTQAERSIIGMIDMFHKYTRRDDKIDKPSLLTMMKENFPNFLSACDKKGTNYLADVFEKKDKNEDKKIDFSEFLSLLGDIATDYHKQSHGAAPCSGGSQ
